signal_date,execution_date,Symbol,Security,GICS Sector,score,weight
2018-01-31,2018-02-01,SPGI,S&P Global,Financials,77.93436532510975,0.12
2018-01-31,2018-02-01,URI,United Rentals,Industrials,79.9267800641291,0.12
2018-01-31,2018-02-01,GOOG,Alphabet Inc. (Class C),Communication Services,76.10796508277662,0.12
2018-01-31,2018-02-01,AMZN,Amazon,Consumer Discretionary,76.42545995963944,0.12
2018-01-31,2018-02-01,CPRT,Copart,Industrials,77.1206753169365,0.10577828289208935
2018-01-31,2018-02-01,MA,Mastercard,Financials,77.0380153445107,0.09585209552533684
2018-01-31,2018-02-01,NVDA,Nvidia,Information Technology,85.99029723903328,0.09071173354911502
2018-01-31,2018-02-01,MSCI,MSCI,Financials,75.6780900372647,0.08414790447466312
2018-01-31,2018-02-01,NTAP,NetApp,Information Technology,78.80898702029627,0.07677837083773519
2018-01-31,2018-02-01,ANET,Arista Networks,Information Technology,83.74464411810398,0.06673161272106055
2018-02-28,2018-03-01,CPRT,Copart,Industrials,81.32397086179262,0.11907181519453738
2018-02-28,2018-03-01,ARES,Ares Management,Financials,76.51407588506942,0.11112470287961751
2018-02-28,2018-03-01,ON,ON Semiconductor,Information Technology,80.39655670801847,0.11041354199094985
2018-02-28,2018-03-01,AMZN,Amazon,Consumer Discretionary,76.67721205071021,0.10659162071983357
2018-02-28,2018-03-01,NVDA,Nvidia,Information Technology,87.82838423481543,0.10223521663780032
2018-02-28,2018-03-01,DECK,Deckers Brands,Consumer Discretionary,82.28746176639416,0.09891784744023221
2018-02-28,2018-03-01,ODFL,Old Dominion,Industrials,79.11994436785179,0.09606279528765174
2018-02-28,2018-03-01,BBY,Best Buy,Consumer Discretionary,77.52965099954473,0.09449053183993415
2018-02-28,2018-03-01,URI,United Rentals,Industrials,79.34088748664499,0.08486538951781084
2018-02-28,2018-03-01,ANET,Arista Networks,Information Technology,86.28275394650586,0.07622653849163226
2018-03-29,2018-04-02,MA,Mastercard,Financials,77.70049972915831,0.12
2018-03-29,2018-04-02,ADBE,Adobe Inc.,Information Technology,81.5154580304248,0.12
2018-03-29,2018-04-02,CPRT,Copart,Industrials,80.91265434241036,0.11913197470951074
2018-03-29,2018-04-02,DECK,Deckers Brands,Consumer Discretionary,83.12809525601763,0.10608178165435518
2018-03-29,2018-04-02,ODFL,Old Dominion,Industrials,78.73714584267717,0.10185098457230955
2018-03-29,2018-04-02,AMZN,Amazon,Consumer Discretionary,78.25750996014808,0.10123165548272638
2018-03-29,2018-04-02,BBY,Best Buy,Consumer Discretionary,78.09771945832547,0.09268656286291842
2018-03-29,2018-04-02,NVDA,Nvidia,Information Technology,87.78297056598629,0.09030218749369041
2018-03-29,2018-04-02,BA,Boeing,Industrials,76.7163510017107,0.07901704071817968
2018-03-29,2018-04-02,ANET,Arista Networks,Information Technology,86.44130414272911,0.06969781250630962
2018-04-30,2018-05-01,STX,Seagate Technology,Information Technology,77.56866854095024,0.12
2018-04-30,2018-05-01,NDAQ,"Nasdaq, Inc.",Financials,78.48705619266094,0.12
2018-04-30,2018-05-01,PSX,Phillips 66,Energy,82.98525265243796,0.11529919154092538
2018-04-30,2018-05-01,LVS,Las Vegas Sands,Consumer Discretionary,78.89416648845446,0.1152679527498986
2018-04-30,2018-05-01,VLO,Valero Energy,Energy,85.18869518276023,0.10172228997393064
2018-04-30,2018-05-01,DECK,Deckers Brands,Consumer Discretionary,81.33482852227877,0.09669263798453796
2018-04-30,2018-05-01,NVDA,Nvidia,Information Technology,79.58194290008174,0.0882339474492779
2018-04-30,2018-05-01,AMZN,Amazon,Consumer Discretionary,80.50570324485385,0.0880394092655634
2018-04-30,2018-05-01,MPC,Marathon Petroleum,Energy,82.17267671179718,0.08297851848514395
2018-04-30,2018-05-01,ANET,Arista Networks,Information Technology,83.10487869755917,0.07176605255072217
2018-05-31,2018-06-01,CPRT,Copart,Industrials,78.13776805543249,0.12
2018-05-31,2018-06-01,LVS,Las Vegas Sands,Consumer Discretionary,80.58700701699374,0.12
2018-05-31,2018-06-01,PSX,Phillips 66,Energy,84.76177506326277,0.11906946617221567
2018-05-31,2018-06-01,FTNT,Fortinet,Information Technology,78.17623793637864,0.11834280200508954
2018-05-31,2018-06-01,DECK,Deckers Brands,Consumer Discretionary,85.1905251825375,0.11621484852520272
2018-05-31,2018-06-01,VLO,Valero Energy,Energy,83.96207691104462,0.10534463106382885
2018-05-31,2018-06-01,STX,Seagate Technology,Information Technology,79.67794937976488,0.09116345072579674
2018-05-31,2018-06-01,NVDA,Nvidia,Information Technology,79.91490192764728,0.07569666939698139
2018-05-31,2018-06-01,MPC,Marathon Petroleum,Energy,81.99297691617697,0.07558590276395545
2018-05-31,2018-06-01,CMG,Chipotle Mexican Grill,Consumer Discretionary,78.54925494424283,0.05858222934692961
2018-06-29,2018-07-02,CNC,Centene Corporation,Health Care,76.50913815503353,0.12
2018-06-29,2018-07-02,PSX,Phillips 66,Energy,79.58145525433287,0.12
2018-06-29,2018-07-02,CSGP,CoStar Group,Real Estate,79.01768664788634,0.1196466490166235
2018-06-29,2018-07-02,VLO,Valero Energy,Energy,80.29543797802738,0.116872378278194
2018-06-29,2018-07-02,DECK,Deckers Brands,Consumer Discretionary,88.33201669200311,0.11523170007061674
2018-06-29,2018-07-02,ADBE,Adobe Inc.,Information Technology,79.32597110448944,0.1123044372710954
2018-06-29,2018-07-02,AMZN,Amazon,Consumer Discretionary,79.33710598030314,0.10753320857725872
2018-06-29,2018-07-02,NVDA,Nvidia,Information Technology,78.26578303051038,0.07962597064342841
2018-06-29,2018-07-02,ANET,Arista Networks,Information Technology,78.2865235743897,0.061819812288085106
2018-06-29,2018-07-02,CMG,Chipotle Mexican Grill,Consumer Discretionary,79.78074041112279,0.04696584385469813
2018-07-31,2018-08-01,VRSN,Verisign,Information Technology,76.13442897346671,0.12
2018-07-31,2018-08-01,AMZN,Amazon,Consumer Discretionary,77.4212965704294,0.12
2018-07-31,2018-08-01,CSGP,CoStar Group,Real Estate,79.19189936629174,0.10974227753735194
2018-07-31,2018-08-01,PSX,Phillips 66,Energy,78.30359378180015,0.10618404708371795
2018-07-31,2018-08-01,CNC,Centene Corporation,Health Care,77.20823195912766,0.10455411551087546
2018-07-31,2018-08-01,CSX,CSX Corporation,Industrials,75.94134108559263,0.09562410420992683
2018-07-31,2018-08-01,ADBE,Adobe Inc.,Information Technology,75.88728932823048,0.0955240062526473
2018-07-31,2018-08-01,DECK,Deckers Brands,Consumer Discretionary,83.27756674988768,0.08288671676189055
2018-07-31,2018-08-01,VLO,Valero Energy,Energy,75.09629959158266,0.08274999954883129
2018-07-31,2018-08-01,FTNT,Fortinet,Information Technology,74.32927139315734,0.0827347330947589
2018-08-31,2018-09-04,CSGP,CoStar Group,Real Estate,80.8360881405064,0.12
2018-08-31,2018-09-04,CNC,Centene Corporation,Health Care,80.14110453041944,0.12
2018-08-31,2018-09-04,VRSN,Verisign,Information Technology,73.9878674713797,0.11861450303412255
2018-08-31,2018-09-04,AMZN,Amazon,Consumer Discretionary,79.86606139421339,0.11091838991474211
2018-08-31,2018-09-04,CPRT,Copart,Industrials,73.61919349006817,0.10888348541978922
2018-08-31,2018-09-04,PSX,Phillips 66,Energy,74.49484147502663,0.10666629588832781
2018-08-31,2018-09-04,CSX,CSX Corporation,Industrials,75.44459276202613,0.09952718043482578
2018-08-31,2018-09-04,TECH,Bio-Techne,Health Care,73.51718850467853,0.08090906845427279
2018-08-31,2018-09-04,NVDA,Nvidia,Information Technology,75.53312181164831,0.0757748003338315
2018-08-31,2018-09-04,CMG,Chipotle Mexican Grill,Consumer Discretionary,79.27392161215155,0.05870627652008826
2018-09-28,2018-10-01,CNC,Centene Corporation,Health Care,81.20284531448813,0.12
2018-09-28,2018-10-01,PFE,Pfizer,Health Care,79.20245872659805,0.12
2018-09-28,2018-10-01,FFIV,"F5, Inc.",Information Technology,75.95680124263072,0.12
2018-09-28,2018-10-01,ROST,Ross Stores,Consumer Discretionary,74.92495964238512,0.11957724700113712
2018-09-28,2018-10-01,UNP,Union Pacific Corporation,Industrials,74.24767154413858,0.11269477269284307
2018-09-28,2018-10-01,CSX,CSX Corporation,Industrials,80.45639125390224,0.10641183336754877
2018-09-28,2018-10-01,AMZN,Amazon,Consumer Discretionary,80.12799573076398,0.09996608029142647
2018-09-28,2018-10-01,NVDA,Nvidia,Information Technology,78.98785518627356,0.07846539393159499
2018-09-28,2018-10-01,CMG,Chipotle Mexican Grill,Consumer Discretionary,79.97141241382288,0.0628846727154496
2018-09-28,2018-10-01,VEEV,Veeva Systems,Health Care,81.01079008403387,0.06
2018-10-31,2018-11-01,PFE,Pfizer,Health Care,77.75431266153493,0.12
2018-10-31,2018-11-01,CMG,Chipotle Mexican Grill,Consumer Discretionary,75.39713479167952,0.12
2018-10-31,2018-11-01,ROST,Ross Stores,Consumer Discretionary,71.88188306486192,0.12
2018-10-31,2018-11-01,MKC,McCormick & Company,Consumer Staples,72.25071057188926,0.12
2018-10-31,2018-11-01,CNC,Centene Corporation,Health Care,72.4690433257367,0.11333403831867739
2018-10-31,2018-11-01,CMCSA,Comcast,Communication Services,71.49510321433364,0.10630655040549647
2018-10-31,2018-11-01,FTNT,Fortinet,Information Technology,76.82632380768423,0.10595352092738136
2018-10-31,2018-11-01,CIEN,Ciena,Information Technology,77.29196690632905,0.09370777621779271
2018-10-31,2018-11-01,VEEV,Veeva Systems,Health Care,78.85243690716437,0.06666596168132259
2018-10-31,2018-11-01,TTD,Trade Desk (The),Communication Services,72.82899899277544,0.03403215244932955
2018-11-30,2018-12-03,PFE,Pfizer,Health Care,81.23446406817219,0.12
2018-11-30,2018-12-03,MKC,McCormick & Company,Consumer Staples,71.41636044341607,0.12
2018-11-30,2018-12-03,CME,CME Group,Financials,71.57943730034734,0.12
2018-11-30,2018-12-03,AMT,American Tower,Real Estate,71.09945345240524,0.1161753659684737
2018-11-30,2018-12-03,CMG,Chipotle Mexican Grill,Consumer Discretionary,78.4348341947017,0.10763389381579032
2018-11-30,2018-12-03,CSX,CSX Corporation,Industrials,72.20731631424012,0.09843028013801537
2018-11-30,2018-12-03,CNC,Centene Corporation,Health Care,74.6833448223067,0.09284200048053595
2018-11-30,2018-12-03,CIEN,Ciena,Information Technology,76.17933867101357,0.08541342186636357
2018-11-30,2018-12-03,DECK,Deckers Brands,Consumer Discretionary,79.03867171967856,0.07390374431289957
2018-11-30,2018-12-03,VEEV,Veeva Systems,Health Care,74.50397335690997,0.06560129341792162
2018-12-31,2019-01-02,PFE,Pfizer,Health Care,80.27929684026034,0.12
2018-12-31,2019-01-02,AMT,American Tower,Real Estate,73.13375173930756,0.12
2018-12-31,2019-01-02,CNP,CenterPoint Energy,Utilities,72.24042061017413,0.12
2018-12-31,2019-01-02,CME,CME Group,Financials,73.11293118533676,0.12
2018-12-31,2019-01-02,PNW,Pinnacle West Capital,Utilities,71.69410016614863,0.106668101372694
2018-12-31,2019-01-02,SBUX,Starbucks,Consumer Discretionary,70.20848229231304,0.103458335039416
2018-12-31,2019-01-02,REGN,Regeneron Pharmaceuticals,Health Care,71.54910101442421,0.09254377720845759
2018-12-31,2019-01-02,DECK,Deckers Brands,Consumer Discretionary,81.5231477795922,0.0741811871879005
2018-12-31,2019-01-02,NRG,NRG Energy,Utilities,71.65792860962523,0.07333189862730602
2018-12-31,2019-01-02,VEEV,Veeva Systems,Health Care,76.09500609162289,0.069816700564226
2019-01-31,2019-02-01,WELL,Welltower,Real Estate,72.45614019958197,0.12
2019-01-31,2019-02-01,AMT,American Tower,Real Estate,76.98438447306674,0.12
2019-01-31,2019-02-01,PFE,Pfizer,Health Care,72.72267290930844,0.12
2019-01-31,2019-02-01,CNP,CenterPoint Energy,Utilities,73.10239547387927,0.12
2019-01-31,2019-02-01,CMG,Chipotle Mexican Grill,Consumer Discretionary,85.6268280613649,0.11725098917854056
2019-01-31,2019-02-01,REGN,Regeneron Pharmaceuticals,Health Care,74.35559777629828,0.10550239495808125
2019-01-31,2019-02-01,AVGO,Broadcom,Information Technology,73.54917314618082,0.08443228883514084
2019-01-31,2019-02-01,DECK,Deckers Brands,Consumer Discretionary,80.40077486597912,0.08362536065960817
2019-01-31,2019-02-01,VEEV,Veeva Systems,Health Care,80.24019297583808,0.07449760504191874
2019-01-31,2019-02-01,TTD,Trade Desk (The),Communication Services,77.86638884368254,0.054691361326710465
2019-02-28,2019-03-01,AMT,American Tower,Real Estate,75.43421188666761,0.12
2019-02-28,2019-03-01,DOC,Healthpeak Properties,Real Estate,77.49913391140231,0.12
2019-02-28,2019-03-01,PNW,Pinnacle West Capital,Utilities,73.64251781633024,0.12
2019-02-28,2019-03-01,FAST,Fastenal,Industrials,73.11970421909884,0.10973664719767594
2019-02-28,2019-03-01,CMI,Cummins,Industrials,72.3943681004539,0.1092487645174286
2019-02-28,2019-03-01,AVGO,Broadcom,Information Technology,79.8325398950788,0.0941466247611201
2019-02-28,2019-03-01,FTNT,Fortinet,Information Technology,81.17521231239672,0.09217773367852557
2019-02-28,2019-03-01,INTU,Intuit,Information Technology,72.3547178812268,0.09122786570837664
2019-02-28,2019-03-01,DECK,Deckers Brands,Consumer Discretionary,84.4041316612656,0.07572823505870101
2019-02-28,2019-03-01,VEEV,Veeva Systems,Health Care,74.6034777649954,0.06773412907817222
2019-03-29,2019-04-01,PNW,Pinnacle West Capital,Utilities,69.58981338598976,0.12
2019-03-29,2019-04-01,VICI,Vici Properties,Real Estate,72.77386561269593,0.12
2019-03-29,2019-04-01,SBUX,Starbucks,Consumer Discretionary,69.07972853450148,0.12
2019-03-29,2019-04-01,FAST,Fastenal,Industrials,68.64323432559198,0.11766794770903315
2019-03-29,2019-04-01,DOC,Healthpeak Properties,Real Estate,72.23116241657792,0.1133946152332096
2019-03-29,2019-04-01,DECK,Deckers Brands,Consumer Discretionary,76.423154120272,0.10817900505658129
2019-03-29,2019-04-01,FTNT,Fortinet,Information Technology,72.38323748437963,0.09798763342966144
2019-03-29,2019-04-01,ANET,Arista Networks,Information Technology,71.46356156783027,0.07164126328084922
2019-03-29,2019-04-01,CSGP,CoStar Group,Real Estate,72.50572715880857,0.06660538476679041
2019-03-29,2019-04-01,LRCX,Lam Research,Information Technology,73.56153001306728,0.06452415052387496
2019-04-30,2019-05-01,FAST,Fastenal,Industrials,74.03207048459791,0.12
2019-04-30,2019-05-01,V,Visa Inc.,Financials,76.64010446770185,0.12
2019-04-30,2019-05-01,CMI,Cummins,Industrials,74.29315270764873,0.12
2019-04-30,2019-05-01,ERIE,Erie Indemnity,Financials,76.08284247277612,0.12
2019-04-30,2019-05-01,AVGO,Broadcom,Information Technology,80.08786341102002,0.09933879541590317
2019-04-30,2019-05-01,DECK,Deckers Brands,Consumer Discretionary,87.0882921554302,0.09531305806643851
2019-04-30,2019-05-01,LRCX,Lam Research,Information Technology,79.54680565320956,0.09392557508283302
2019-04-30,2019-05-01,FTNT,Fortinet,Information Technology,81.87720308892315,0.0922193379181341
2019-04-30,2019-05-01,CSGP,CoStar Group,Real Estate,77.40556356703718,0.07755728510314006
2019-04-30,2019-05-01,LULU,Lululemon Athletica,Consumer Discretionary,74.48185346485558,0.06164594841355109
2019-05-31,2019-06-03,VICI,Vici Properties,Real Estate,75.95950028267221,0.12
2019-05-31,2019-06-03,V,Visa Inc.,Financials,73.64002522896712,0.12
2019-05-31,2019-06-03,HSY,Hershey Company (The),Consumer Staples,68.90897211208828,0.12
2019-05-31,2019-06-03,NEE,NextEra Energy,Utilities,70.1983470142067,0.12
2019-05-31,2019-06-03,VRSN,Verisign,Information Technology,69.82366984470254,0.1055110057312951
2019-05-31,2019-06-03,AMT,American Tower,Real Estate,71.29487786504248,0.0995533578309815
2019-05-31,2019-06-03,SNPS,Synopsys,Information Technology,69.33825527941234,0.09483367114149927
2019-05-31,2019-06-03,CSGP,CoStar Group,Real Estate,80.24639178989244,0.08044664216901848
2019-05-31,2019-06-03,DECK,Deckers Brands,Consumer Discretionary,70.36383756457845,0.0742964545801815
2019-05-31,2019-06-03,LRCX,Lam Research,Information Technology,69.32382645625354,0.06535886854702408
2019-06-28,2019-07-01,V,Visa Inc.,Financials,78.196388987328,0.12
2019-06-28,2019-07-01,CTAS,Cintas,Industrials,71.93352066452135,0.12
2019-06-28,2019-07-01,CMI,Cummins,Industrials,70.29980935102562,0.10879125340615481
2019-06-28,2019-07-01,TSCO,Tractor Supply,Consumer Discretionary,71.62638227326515,0.10471109500150619
2019-06-28,2019-07-01,SYF,Synchrony Financial,Financials,72.5976539899521,0.1030084956383421
2019-06-28,2019-07-01,PHM,PulteGroup,Consumer Discretionary,70.96583581730286,0.0973061393199488
2019-06-28,2019-07-01,VRSN,Verisign,Information Technology,70.1547745196973,0.09614650379315139
2019-06-28,2019-07-01,CSGP,CoStar Group,Real Estate,74.77993026619086,0.09314729122841799
2019-06-28,2019-07-01,DECK,Deckers Brands,Consumer Discretionary,75.54014060102494,0.07989771725082068
2019-06-28,2019-07-01,ERIE,Erie Indemnity,Financials,71.12941591745651,0.07699150436165787
2019-07-31,2019-08-01,V,Visa Inc.,Financials,74.75960550594537,0.12
2019-07-31,2019-08-01,HSY,Hershey Company (The),Consumer Staples,72.99891683685793,0.12
2019-07-31,2019-08-01,NEE,NextEra Energy,Utilities,67.04271502513424,0.12
2019-07-31,2019-08-01,ACN,Accenture,Information Technology,70.87653316028134,0.12
2019-07-31,2019-08-01,SYF,Synchrony Financial,Financials,67.06776162321147,0.11550252158078689
2019-07-31,2019-08-01,VRSN,Verisign,Information Technology,71.15687160296974,0.10443826367534507
2019-07-31,2019-08-01,CSGP,CoStar Group,Real Estate,74.93016783726965,0.08198785612627983
2019-07-31,2019-08-01,SBUX,Starbucks,Consumer Discretionary,68.69507364851411,0.08005290882579695
2019-07-31,2019-08-01,INTU,Intuit,Information Technology,71.24228423266207,0.07556173632465489
2019-07-31,2019-08-01,ERIE,Erie Indemnity,Financials,68.5703794076861,0.06245671346713625
2019-08-30,2019-09-03,EXR,Extra Space Storage,Real Estate,69.25769564867771,0.12
2019-08-30,2019-09-03,HSY,Hershey Company (The),Consumer Staples,72.19498915131591,0.1198131803644464
2019-08-30,2019-09-03,ACN,Accenture,Information Technology,70.15862015744098,0.11309492995791788
2019-08-30,2019-09-03,JCI,Johnson Controls,Industrials,74.02487676260841,0.1117390436911971
2019-08-30,2019-09-03,CSGP,CoStar Group,Real Estate,79.26380593615345,0.10604396090322407
2019-08-30,2019-09-03,V,Visa Inc.,Financials,70.76480044416267,0.09858250677789414
2019-08-30,2019-09-03,CMG,Chipotle Mexican Grill,Consumer Discretionary,71.77371498975931,0.08984811572724459
2019-08-30,2019-09-03,TSN,Tyson Foods,Consumer Staples,69.55215836300451,0.08478984879937823
2019-08-30,2019-09-03,SBUX,Starbucks,Consumer Discretionary,72.72626999252404,0.08375441504526676
2019-08-30,2019-09-03,SNPS,Synopsys,Information Technology,69.29467520935101,0.07233399873343083
2019-09-30,2019-10-01,JCI,Johnson Controls,Industrials,77.44212591270961,0.12
2019-09-30,2019-10-01,HIG,Hartford (The),Financials,73.08208627160296,0.11822482731009552
2019-09-30,2019-10-01,EVRG,Evergy,Utilities,71.8068375514401,0.1139625459396598
2019-09-30,2019-10-01,HSY,Hershey Company (The),Consumer Staples,72.16632842450686,0.10845459470856648
2019-09-30,2019-10-01,WRB,W. R. Berkley Corporation,Financials,69.82234353978545,0.10012641440497373
2019-09-30,2019-10-01,CPRT,Copart,Industrials,69.87069112126598,0.09977963014092467
2019-09-30,2019-10-01,ETR,Entergy,Utilities,71.57379511998957,0.09585989816798655
2019-09-30,2019-10-01,NEE,NextEra Energy,Utilities,75.93852542321166,0.0901775558923536
2019-09-30,2019-10-01,V,Visa Inc.,Financials,71.46651538064758,0.08164875828493075
2019-09-30,2019-10-01,CSGP,CoStar Group,Real Estate,75.6315078657965,0.07176577515050882
2019-10-31,2019-11-01,JCI,Johnson Controls,Industrials,75.79483386261083,0.12
2019-10-31,2019-11-01,MAA,Mid-America Apartment Communities,Real Estate,73.76711405956917,0.12
2019-10-31,2019-11-01,NEE,NextEra Energy,Utilities,71.65306713775091,0.12
2019-10-31,2019-11-01,VICI,Vici Properties,Real Estate,71.27413863842085,0.11579308834985899
2019-10-31,2019-11-01,PHM,PulteGroup,Consumer Discretionary,72.16313865196634,0.10959184110668191
2019-10-31,2019-11-01,CPRT,Copart,Industrials,71.5047631003055,0.0953500072956352
2019-10-31,2019-11-01,TDY,Teledyne Technologies,Information Technology,70.68395659701602,0.09437455420090762
2019-10-31,2019-11-01,V,Visa Inc.,Financials,72.06181933282103,0.09277386188085428
2019-10-31,2019-11-01,KLAC,KLA Corporation,Information Technology,75.08663541125615,0.06790973551592111
2019-10-31,2019-11-01,CSGP,CoStar Group,Real Estate,72.33140186448071,0.06420691165014099
2019-11-29,2019-12-02,SYF,Synchrony Financial,Financials,75.9242410773504,0.11582208002149569
2019-11-29,2019-12-02,AVGO,Broadcom,Information Technology,77.152417494665,0.11225608191732145
2019-11-29,2019-12-02,VRTX,Vertex Pharmaceuticals,Health Care,76.36974054055486,0.11108795309410609
2019-11-29,2019-12-02,TROW,T. Rowe Price,Financials,78.76325538434565,0.10676350931946532
2019-11-29,2019-12-02,CPRT,Copart,Industrials,76.07833795656646,0.10328227125840503
2019-11-29,2019-12-02,CMI,Cummins,Industrials,75.31315317614411,0.09875070315887392
2019-11-29,2019-12-02,PCAR,Paccar,Industrials,75.97375654852155,0.09796702558272104
2019-11-29,2019-12-02,FTNT,Fortinet,Information Technology,82.37910282919113,0.0936783936337773
2019-11-29,2019-12-02,NVDA,Nvidia,Information Technology,77.82983716489223,0.0829775713547952
2019-11-29,2019-12-02,KKR,KKR & Co.,Financials,74.80738455740567,0.07741441065903897
2019-12-31,2020-01-02,GOOG,Alphabet Inc. (Class C),Communication Services,75.60498145741738,0.12
2019-12-31,2020-01-02,AMGN,Amgen,Health Care,79.12700183008428,0.12
2019-12-31,2020-01-02,CPRT,Copart,Industrials,75.2752409947698,0.12
2019-12-31,2020-01-02,GOOGL,Alphabet Inc. (Class A),Communication Services,75.59493020705372,0.12
2019-12-31,2020-01-02,TROW,T. Rowe Price,Financials,74.8430286717449,0.11624972048279374
2019-12-31,2020-01-02,BMY,Bristol Myers Squibb,Health Care,75.93116883249547,0.09623943848127003
2019-12-31,2020-01-02,VRTX,Vertex Pharmaceuticals,Health Care,78.87308870408005,0.08376056151872996
2019-12-31,2020-01-02,FTNT,Fortinet,Information Technology,84.26342421112338,0.08002382872644358
2019-12-31,2020-01-02,NVDA,Nvidia,Information Technology,79.6959513724523,0.07602407251899174
2019-12-31,2020-01-02,KLAC,KLA Corporation,Information Technology,75.30485711466369,0.06770237827177092
2020-01-31,2020-02-03,MNST,Monster Beverage,Consumer Staples,71.19495347983249,0.12
2020-01-31,2020-02-03,NEE,NextEra Energy,Utilities,72.77843524423254,0.11989473058720793
2020-01-31,2020-02-03,GOOG,Alphabet Inc. (Class C),Communication Services,75.89693738343999,0.1194965856599555
2020-01-31,2020-02-03,MSFT,Microsoft,Information Technology,72.1327390282177,0.11873597473731644
2020-01-31,2020-02-03,GOOGL,Alphabet Inc. (Class A),Communication Services,75.68460633335373,0.11849183200151939
2020-01-31,2020-02-03,TROW,T. Rowe Price,Financials,71.90151657647874,0.0957701897806505
2020-01-31,2020-02-03,BMY,Bristol Myers Squibb,Health Care,72.22337898670747,0.09253582072920437
2020-01-31,2020-02-03,VRTX,Vertex Pharmaceuticals,Health Care,73.85500846747942,0.08691266050531991
2020-01-31,2020-02-03,NVDA,Nvidia,Information Technology,78.85604470436009,0.06558069233003176
2020-01-31,2020-02-03,FTNT,Fortinet,Information Technology,79.10683495610755,0.06258151366879429
2020-02-28,2020-03-02,GOOGL,Alphabet Inc. (Class A),Communication Services,74.06610319472992,0.12
2020-02-28,2020-03-02,GOOG,Alphabet Inc. (Class C),Communication Services,74.09212422500059,0.12
2020-02-28,2020-03-02,EVRG,Evergy,Utilities,71.25468710839571,0.12
2020-02-28,2020-03-02,NEE,NextEra Energy,Utilities,71.85817314855265,0.12
2020-02-28,2020-03-02,FTNT,Fortinet,Information Technology,74.68301802048877,0.11321573154003178
2020-02-28,2020-03-02,ABBV,AbbVie,Health Care,70.56529413150476,0.10971740582508686
2020-02-28,2020-03-02,DECK,Deckers Brands,Consumer Discretionary,74.69152217537741,0.10196635657641537
2020-02-28,2020-03-02,NVDA,Nvidia,Information Technology,72.91261655421198,0.06798982109691268
2020-02-28,2020-03-02,SMCI,Supermicro,Information Technology,73.27272157549677,0.06455536765870923
2020-02-28,2020-03-02,BIIB,Biogen,Health Care,69.15105510576815,0.06255531730284404
2020-03-31,2020-04-01,GEN,Gen Digital,Information Technology,81.06599995507631,0.12
2020-03-31,2020-04-01,AMZN,Amazon,Consumer Discretionary,71.24045223346897,0.12
2020-03-31,2020-04-01,KR,Kroger,Consumer Staples,68.63008629796373,0.1138893246571925
2020-03-31,2020-04-01,GILD,Gilead Sciences,Health Care,72.38692304757983,0.10624428817539477
2020-03-31,2020-04-01,VRTX,Vertex Pharmaceuticals,Health Care,72.73540053681681,0.09891881604625716
2020-03-31,2020-04-01,FTNT,Fortinet,Information Technology,75.11082067264472,0.09406046765459622
2020-03-31,2020-04-01,ODFL,Old Dominion,Industrials,67.91013552757322,0.08943631282771783
2020-03-31,2020-04-01,NEM,Newmont,Materials,70.66329700626459,0.08890467990928941
2020-03-31,2020-04-01,BIIB,Biogen,Health Care,75.96991725459233,0.08793191882818839
2020-03-31,2020-04-01,NVDA,Nvidia,Information Technology,76.16255478535923,0.08061419190136383
2020-04-30,2020-05-01,GEN,Gen Digital,Information Technology,79.27878250580113,0.12
2020-04-30,2020-05-01,AMZN,Amazon,Consumer Discretionary,75.74341865801249,0.12
2020-04-30,2020-05-01,ABBV,AbbVie,Health Care,76.81046818720007,0.114524021352688
2020-04-30,2020-05-01,MNST,Monster Beverage,Consumer Staples,70.47338120969312,0.10257988017129464
2020-04-30,2020-05-01,MSFT,Microsoft,Information Technology,75.57913637599914,0.10094635973189556
2020-04-30,2020-05-01,VEEV,Veeva Systems,Health Care,79.84848363106163,0.09844631186485614
2020-04-30,2020-05-01,CSGP,CoStar Group,Real Estate,72.91678535586679,0.092505380152461
2020-04-30,2020-05-01,BIIB,Biogen,Health Care,77.28443193334209,0.08702966678245587
2020-04-30,2020-05-01,NEM,Newmont,Materials,69.80852407869958,0.08491473967624438
2020-04-30,2020-05-01,NVDA,Nvidia,Information Technology,74.92645764616783,0.07905364026810444
2020-05-29,2020-06-01,ABBV,AbbVie,Health Care,83.73835409381954,0.10894765347908175
2020-05-29,2020-06-01,CLX,Clorox,Consumer Staples,70.33721011347484,0.10653442010327402
2020-05-29,2020-06-01,VRSN,Verisign,Information Technology,73.65877341873318,0.10288689514934467
2020-05-29,2020-06-01,DG,Dollar General,Consumer Staples,71.39785035792289,0.10243633507053959
2020-05-29,2020-06-01,TECH,Bio-Techne,Health Care,80.37681592217602,0.10236958555173506
2020-05-29,2020-06-01,CSGP,CoStar Group,Real Estate,71.67833183193954,0.10204645772931971
2020-05-29,2020-06-01,AAPL,Apple Inc.,Information Technology,72.03753590690157,0.1015760763813755
2020-05-29,2020-06-01,NEM,Newmont,Materials,70.51276367100834,0.09349057073996013
2020-05-29,2020-06-01,MNST,Monster Beverage,Consumer Staples,75.16739158030286,0.09102924482618638
2020-05-29,2020-06-01,BIIB,Biogen,Health Care,80.7438119510094,0.0886827609691832
2020-06-30,2020-07-01,JNJ,Johnson & Johnson,Health Care,71.8601291788241,0.12
2020-06-30,2020-07-01,ABBV,AbbVie,Health Care,82.67642849151811,0.11344152353967175
2020-06-30,2020-07-01,VRSN,Verisign,Information Technology,74.52220981093893,0.10720806337539467
2020-06-30,2020-07-01,GOOG,Alphabet Inc. (Class C),Communication Services,74.8786904233394,0.10639512320420612
2020-06-30,2020-07-01,GOOGL,Alphabet Inc. (Class A),Communication Services,73.95160846289282,0.10321478429336939
2020-06-30,2020-07-01,ORCL,Oracle Corporation,Information Technology,73.33372177245951,0.10240448228560504
2020-06-30,2020-07-01,MNST,Monster Beverage,Consumer Staples,72.15592250626133,0.10151712472668434
2020-06-30,2020-07-01,AAPL,Apple Inc.,Information Technology,73.88990481166829,0.09038745433900029
2020-06-30,2020-07-01,META,Meta Platforms,Communication Services,72.23111758403445,0.08887296777574019
2020-06-30,2020-07-01,VEEV,Veeva Systems,Health Care,72.27618722494756,0.06655847646032823
2020-07-31,2020-08-03,ABBV,AbbVie,Health Care,80.12136015951677,0.12
2020-07-31,2020-08-03,MNST,Monster Beverage,Consumer Staples,74.6644540030399,0.12
2020-07-31,2020-08-03,KMB,Kimberly-Clark,Consumer Staples,73.01540652056848,0.12
2020-07-31,2020-08-03,GOOGL,Alphabet Inc. (Class A),Communication Services,76.09857592316986,0.11357140911586208
2020-07-31,2020-08-03,GOOG,Alphabet Inc. (Class C),Communication Services,75.847010519795,0.11225261858994107
2020-07-31,2020-08-03,CDNS,Cadence Design Systems,Information Technology,73.60352286356257,0.10977076036784499
2020-07-31,2020-08-03,ANET,Arista Networks,Information Technology,76.8818438588336,0.08044010193147894
2020-07-31,2020-08-03,NVDA,Nvidia,Information Technology,74.00525237307231,0.07633866950699555
2020-07-31,2020-08-03,VRTX,Vertex Pharmaceuticals,Health Care,70.21262681823406,0.07457827240312656
2020-07-31,2020-08-03,META,Meta Platforms,Communication Services,71.20151232844401,0.0730481680847509
2020-08-31,2020-09-01,ABBV,AbbVie,Health Care,72.40174954048103,0.11544745963254927
2020-08-31,2020-09-01,PG,Procter & Gamble,Consumer Staples,73.81318049335958,0.111684403793025
2020-08-31,2020-09-01,MRK,Merck & Co.,Health Care,73.09108270673015,0.10852307808271208
2020-08-31,2020-09-01,CDNS,Cadence Design Systems,Information Technology,72.96355137774063,0.10413796417663652
2020-08-31,2020-09-01,KMB,Kimberly-Clark,Consumer Staples,72.76839096802131,0.10285145744062937
2020-08-31,2020-09-01,GOOGL,Alphabet Inc. (Class A),Communication Services,74.39874339180385,0.10246384636110333
2020-08-31,2020-09-01,GOOG,Alphabet Inc. (Class C),Communication Services,72.86286195547473,0.09804481500864322
2020-08-31,2020-09-01,AVGO,Broadcom,Information Technology,72.2030175447171,0.09535337445361686
2020-08-31,2020-09-01,DG,Dollar General,Consumer Staples,72.04059931838346,0.08546413876634561
2020-08-31,2020-09-01,VRTX,Vertex Pharmaceuticals,Health Care,72.21704699340565,0.07602946228473861
2020-09-30,2020-10-01,MRK,Merck & Co.,Health Care,71.58154285255645,0.12
2020-09-30,2020-10-01,PG,Procter & Gamble,Consumer Staples,70.9421076301973,0.12
2020-09-30,2020-10-01,KMB,Kimberly-Clark,Consumer Staples,69.01419128814959,0.12
2020-09-30,2020-10-01,ORLY,O'Reilly Automotive,Consumer Discretionary,68.44576789624566,0.10338624681710909
2020-09-30,2020-10-01,CPRT,Copart,Industrials,72.00331483863465,0.10213684687293641
2020-09-30,2020-10-01,ORCL,Oracle Corporation,Information Technology,70.11893782214094,0.10211613142657021
2020-09-30,2020-10-01,TXN,Texas Instruments,Information Technology,68.38473607659907,0.08993660630994968
2020-09-30,2020-10-01,ODFL,Old Dominion,Industrials,68.35129216267902,0.08776924123118936
2020-09-30,2020-10-01,AVGO,Broadcom,Information Technology,70.04449213257229,0.07815917095826219
2020-09-30,2020-10-01,GOOGL,Alphabet Inc. (Class A),Communication Services,68.57556356365652,0.0764957563839832
2020-10-30,2020-11-02,PG,Procter & Gamble,Consumer Staples,71.6596029239106,0.12
2020-10-30,2020-11-02,AWK,American Water Works,Utilities,68.66704205868555,0.11202110672139347
2020-10-30,2020-11-02,CPRT,Copart,Industrials,73.76782359316124,0.11159532083829878
2020-10-30,2020-11-02,PSA,Public Storage,Real Estate,66.84302877277881,0.11037080872189667
2020-10-30,2020-11-02,SHW,Sherwin-Williams,Materials,66.91721163068259,0.105104978907208
2020-10-30,2020-11-02,GRMN,Garmin,Consumer Discretionary,67.04527196153019,0.10053941725736686
2020-10-30,2020-11-02,ORCL,Oracle Corporation,Information Technology,68.00230621585457,0.09577503682278907
2020-10-30,2020-11-02,ODFL,Old Dominion,Industrials,68.03985681913899,0.08883532301795659
2020-10-30,2020-11-02,CMI,Cummins,Industrials,69.06841393165601,0.08716283678683798
2020-10-30,2020-11-02,GOOGL,Alphabet Inc. (Class A),Communication Services,67.07749109498215,0.0685951709262525
2020-11-30,2020-12-01,ORCL,Oracle Corporation,Information Technology,67.97183169702062,0.12
2020-11-30,2020-12-01,PG,Procter & Gamble,Consumer Staples,70.56213243606992,0.12
2020-11-30,2020-12-01,AWK,American Water Works,Utilities,67.50497883353603,0.12
2020-11-30,2020-12-01,CPRT,Copart,Industrials,73.9375674556722,0.1084099405352099
2020-11-30,2020-12-01,CMI,Cummins,Industrials,72.64199990039656,0.1009353935582022
2020-11-30,2020-12-01,WMT,Walmart,Consumer Staples,69.36445194931092,0.0989852832690514
2020-11-30,2020-12-01,ODFL,Old Dominion,Industrials,67.37188898337452,0.09065466590658786
2020-11-30,2020-12-01,MNST,Monster Beverage,Consumer Staples,67.69536594686468,0.08101471673094858
2020-11-30,2020-12-01,GOOGL,Alphabet Inc. (Class A),Communication Services,68.31877769703804,0.08058797284187785
2020-11-30,2020-12-01,GOOG,Alphabet Inc. (Class C),Communication Services,67.67410614302058,0.07941202715812214
2020-12-31,2021-01-04,MNST,Monster Beverage,Consumer Staples,68.98871475894316,0.12
2020-12-31,2021-01-04,ORCL,Oracle Corporation,Information Technology,69.68273816579327,0.12
2020-12-31,2021-01-04,WMT,Walmart,Consumer Staples,68.84783032080624,0.12
2020-12-31,2021-01-04,CPRT,Copart,Industrials,72.31143890085967,0.10376420259948042
2020-12-31,2021-01-04,CMI,Cummins,Industrials,69.87368558316467,0.0996771010631332
2020-12-31,2021-01-04,AVGO,Broadcom,Information Technology,68.02757931525719,0.099420362442669
2020-12-31,2021-01-04,ERIE,Erie Indemnity,Financials,68.56159340366321,0.0977664215793558
2020-12-31,2021-01-04,GOOG,Alphabet Inc. (Class C),Communication Services,70.20727549951914,0.08721487274158908
2020-12-31,2021-01-04,GOOGL,Alphabet Inc. (Class A),Communication Services,69.10577573382093,0.08514338873441124
2020-12-31,2021-01-04,ANET,Arista Networks,Information Technology,70.28524064984035,0.06701365083936123
2021-01-29,2021-02-01,ORCL,Oracle Corporation,Information Technology,72.75273732828202,0.12
2021-01-29,2021-02-01,WMT,Walmart,Consumer Staples,66.16502349673702,0.12
2021-01-29,2021-02-01,JNJ,Johnson & Johnson,Health Care,67.98858034052294,0.11869479511743461
2021-01-29,2021-02-01,ALL,Allstate,Financials,66.10424997451153,0.11251012256162797
2021-01-29,2021-02-01,PM,Philip Morris International,Consumer Staples,66.94913626510083,0.110789929386262
2021-01-29,2021-02-01,AVGO,Broadcom,Information Technology,72.29639087868134,0.10068108168696943
2021-01-29,2021-02-01,GOOG,Alphabet Inc. (Class C),Communication Services,72.74665954342568,0.08500988048997613
2021-01-29,2021-02-01,GOOGL,Alphabet Inc. (Class A),Communication Services,71.65972819384741,0.08161147082684858
2021-01-29,2021-02-01,CPRT,Copart,Industrials,67.12059786147631,0.08012879185698879
2021-01-29,2021-02-01,ANET,Arista Networks,Information Technology,74.43795513991445,0.07057392807389258
2021-02-26,2021-03-01,ORCL,Oracle Corporation,Information Technology,70.75266475284117,0.12
2021-02-26,2021-03-01,JNJ,Johnson & Johnson,Health Care,66.74197672180405,0.12
2021-02-26,2021-03-01,NDAQ,"Nasdaq, Inc.",Financials,69.26479776481442,0.11245330804720545
2021-02-26,2021-03-01,PM,Philip Morris International,Consumer Staples,66.9094580709436,0.10932925240603637
2021-02-26,2021-03-01,TROW,T. Rowe Price,Financials,70.03759524015311,0.10142615124702808
2021-02-26,2021-03-01,ABBV,AbbVie,Health Care,66.79520517934834,0.10051856417783533
2021-02-26,2021-03-01,ANET,Arista Networks,Information Technology,70.42146831685568,0.09109838483420937
2021-02-26,2021-03-01,GOOG,Alphabet Inc. (Class C),Communication Services,70.09816158638056,0.08253902026261008
2021-02-26,2021-03-01,AVGO,Broadcom,Information Technology,67.437894017286,0.08186626887237183
2021-02-26,2021-03-01,GOOGL,Alphabet Inc. (Class A),Communication Services,69.66485347953896,0.08076905015270348
2021-03-31,2021-04-01,JNJ,Johnson & Johnson,Health Care,65.13182927377885,0.12
2021-03-31,2021-04-01,PM,Philip Morris International,Consumer Staples,68.84077434326386,0.12
2021-03-31,2021-04-01,DTE,DTE Energy,Utilities,67.28822269728106,0.11574022276691887
2021-03-31,2021-04-01,MO,Altria,Consumer Staples,66.98863055893504,0.11432871594579633
2021-03-31,2021-04-01,NDAQ,"Nasdaq, Inc.",Financials,69.48757052806226,0.1107029347360414
2021-03-31,2021-04-01,AFL,Aflac,Financials,65.82936581805257,0.1007487455655436
2021-03-31,2021-04-01,TROW,T. Rowe Price,Financials,65.47010700288543,0.08313864195503232
2021-03-31,2021-04-01,GOOG,Alphabet Inc. (Class C),Communication Services,70.98203563437862,0.08229241627164209
2021-03-31,2021-04-01,GOOGL,Alphabet Inc. (Class A),Communication Services,70.12585759105883,0.07900993528551861
2021-03-31,2021-04-01,ANET,Arista Networks,Information Technology,65.55748200551794,0.07403838747350693
2021-04-30,2021-05-03,PM,Philip Morris International,Consumer Staples,69.80272379857531,0.12
2021-04-30,2021-05-03,MMM,3M,Industrials,65.18082692254816,0.12
2021-04-30,2021-05-03,DTE,DTE Energy,Utilities,66.48488083175206,0.1123243535611633
2021-04-30,2021-05-03,AFL,Aflac,Financials,68.15677056699548,0.10902978307723121
2021-04-30,2021-05-03,CSX,CSX Corporation,Industrials,65.12423023721654,0.09911026990023991
2021-04-30,2021-05-03,MNST,Monster Beverage,Consumer Staples,65.68494335426122,0.096439949132481
2021-04-30,2021-05-03,MCO,Moody's Corporation,Financials,65.36268046622115,0.0962154787459251
2021-04-30,2021-05-03,NDAQ,"Nasdaq, Inc.",Financials,66.86552476021697,0.09475473817684367
2021-04-30,2021-05-03,GOOG,Alphabet Inc. (Class C),Communication Services,69.98207399646951,0.0770379815076915
2021-04-30,2021-05-03,GOOGL,Alphabet Inc. (Class A),Communication Services,69.77585894661402,0.07508744589842431
2021-05-28,2021-06-01,AVY,Avery Dennison,Materials,71.21645820630108,0.12
2021-05-28,2021-06-01,GOOG,Alphabet Inc. (Class C),Communication Services,75.18750199147847,0.11754480001599213
2021-05-28,2021-06-01,EXPD,Expeditors International,Industrials,73.16019531241878,0.11729401324503066
2021-05-28,2021-06-01,GOOGL,Alphabet Inc. (Class A),Communication Services,73.54655532936285,0.11262738791783133
2021-05-28,2021-06-01,NDAQ,"Nasdaq, Inc.",Financials,74.04456614871836,0.1050924686809125
2021-05-28,2021-06-01,DD,DuPont,Industrials,71.56936243884073,0.10338204784486503
2021-05-28,2021-06-01,GS,Goldman Sachs,Financials,78.22816647969005,0.09819925000834699
2021-05-28,2021-06-01,KKR,KKR & Co.,Financials,74.3998323590491,0.09670828131074051
2021-05-28,2021-06-01,FIX,Comfort Systems USA,Industrials,71.74446237127832,0.07932393891010434
2021-05-28,2021-06-01,WSM,"Williams-Sonoma, Inc.",Consumer Discretionary,71.8067590786688,0.04982781206617658
2021-06-30,2021-07-01,GOOG,Alphabet Inc. (Class C),Communication Services,78.8341199589484,0.12
2021-06-30,2021-07-01,GOOGL,Alphabet Inc. (Class A),Communication Services,77.90799272155844,0.12
2021-06-30,2021-07-01,EXR,Extra Space Storage,Real Estate,74.81904428227756,0.12
2021-06-30,2021-07-01,EXPD,Expeditors International,Industrials,72.29814850700657,0.12
2021-06-30,2021-07-01,NDAQ,"Nasdaq, Inc.",Financials,74.0865701456586,0.11367121576041711
2021-06-30,2021-07-01,TROW,T. Rowe Price,Financials,74.14476318072735,0.09941180021627634
2021-06-30,2021-07-01,FTNT,Fortinet,Information Technology,74.1601201605109,0.09045705174551612
2021-06-30,2021-07-01,GS,Goldman Sachs,Financials,77.25394419276562,0.08691698402330654
2021-06-30,2021-07-01,NVDA,Nvidia,Information Technology,77.31508735970405,0.06734165693348856
2021-06-30,2021-07-01,LRCX,Lam Research,Information Technology,75.90081075281329,0.062201291320995396
2021-07-30,2021-08-02,NDAQ,"Nasdaq, Inc.",Financials,73.86756318276025,0.12
2021-07-30,2021-08-02,EXR,Extra Space Storage,Real Estate,76.45402975326768,0.11752349392636378
2021-07-30,2021-08-02,GOOG,Alphabet Inc. (Class C),Communication Services,78.77910265960257,0.11572024636533855
2021-07-30,2021-08-02,CPRT,Copart,Industrials,77.49975286390544,0.11349082377060121
2021-07-30,2021-08-02,GOOGL,Alphabet Inc. (Class A),Communication Services,79.20376404271114,0.10918064894662047
2021-07-30,2021-08-02,EXPD,Expeditors International,Industrials,73.76376885266332,0.10756152559425208
2021-07-30,2021-08-02,TROW,T. Rowe Price,Financials,74.85651686552434,0.09464678662513237
2021-07-30,2021-08-02,GS,Goldman Sachs,Financials,75.20653506980565,0.08473695311114543
2021-07-30,2021-08-02,META,Meta Platforms,Communication Services,72.48025247909567,0.075099104688041
2021-07-30,2021-08-02,NVDA,Nvidia,Information Technology,78.21036669996366,0.06204041697250499
2021-08-31,2021-09-01,GOOGL,Alphabet Inc. (Class A),Communication Services,79.1538394332741,0.12
2021-08-31,2021-09-01,GOOG,Alphabet Inc. (Class C),Communication Services,79.03589109008738,0.12
2021-08-31,2021-09-01,EXR,Extra Space Storage,Real Estate,77.18143662294867,0.12
2021-08-31,2021-09-01,ADBE,Adobe Inc.,Information Technology,78.97132078261046,0.12
2021-08-31,2021-09-01,NDAQ,"Nasdaq, Inc.",Financials,74.14031658850132,0.12
2021-08-31,2021-09-01,RVTY,Revvity,Health Care,75.8241153802063,0.09434661943541119
2021-08-31,2021-09-01,REGN,Regeneron Pharmaceuticals,Health Care,75.69039101091563,0.08946635322657077
2021-08-31,2021-09-01,FTNT,Fortinet,Information Technology,78.30958880560132,0.07986519787256212
2021-08-31,2021-09-01,DECK,Deckers Brands,Consumer Discretionary,75.98098797194756,0.07366365673024633
2021-08-31,2021-09-01,NVDA,Nvidia,Information Technology,82.59317722045097,0.06265817273520964
2021-09-30,2021-10-01,GOOGL,Alphabet Inc. (Class A),Communication Services,78.47539939044653,0.12
2021-09-30,2021-10-01,NDAQ,"Nasdaq, Inc.",Financials,79.49266953281622,0.12
2021-09-30,2021-10-01,GOOG,Alphabet Inc. (Class C),Communication Services,78.11120297847405,0.12
2021-09-30,2021-10-01,REGN,Regeneron Pharmaceuticals,Health Care,75.17096535355712,0.10465162686498838
2021-09-30,2021-10-01,RVTY,Revvity,Health Care,76.70964587324598,0.10340924683941949
2021-09-30,2021-10-01,GS,Goldman Sachs,Financials,77.27422599683649,0.09876734046532047
2021-09-30,2021-10-01,MPWR,Monolithic Power Systems,Information Technology,76.83334485554411,0.09392709456036245
2021-09-30,2021-10-01,FTNT,Fortinet,Information Technology,81.80876785799984,0.08568417870980898
2021-09-30,2021-10-01,BX,Blackstone Inc.,Financials,79.04083646268518,0.08123265953467952
2021-09-30,2021-10-01,NVDA,Nvidia,Information Technology,80.84644383635236,0.07232785302542062
2021-10-29,2021-11-01,GS,Goldman Sachs,Financials,75.96027460912376,0.12
2021-10-29,2021-11-01,NDAQ,"Nasdaq, Inc.",Financials,75.50072688073371,0.12
2021-10-29,2021-11-01,GOOGL,Alphabet Inc. (Class A),Communication Services,74.18443942096549,0.12
2021-10-29,2021-11-01,AVGO,Broadcom,Information Technology,74.64666229405536,0.12
2021-10-29,2021-11-01,TSCO,Tractor Supply,Consumer Discretionary,76.2458207000751,0.11131569876944104
2021-10-29,2021-11-01,FTNT,Fortinet,Information Technology,77.27668785181527,0.09638417397451203
2021-10-29,2021-11-01,TRGP,Targa Resources,Energy,73.88403384452928,0.08624737855377192
2021-10-29,2021-11-01,NVDA,Nvidia,Information Technology,77.24133361555997,0.08361582602548798
2021-10-29,2021-11-01,EBAY,eBay Inc.,Consumer Discretionary,73.46766662565784,0.07293291027690102
2021-10-29,2021-11-01,WSM,"Williams-Sonoma, Inc.",Consumer Discretionary,76.27489523374197,0.06950401239988599
2021-11-30,2021-12-01,AVGO,Broadcom,Information Technology,79.27483305035173,0.12
2021-11-30,2021-12-01,LOW,Lowe's,Consumer Discretionary,79.80680671054652,0.12
2021-11-30,2021-12-01,NDAQ,"Nasdaq, Inc.",Financials,71.05693896080811,0.12
2021-11-30,2021-12-01,EXR,Extra Space Storage,Real Estate,72.45599092289183,0.11613187418409437
2021-11-30,2021-12-01,TSCO,Tractor Supply,Consumer Discretionary,81.29021001680849,0.11428436483929778
2021-11-30,2021-12-01,FTNT,Fortinet,Information Technology,82.8770074315042,0.0901155723347934
2021-11-30,2021-12-01,KLAC,KLA Corporation,Information Technology,79.17949510748606,0.08988442766520657
2021-11-30,2021-12-01,TRGP,Targa Resources,Energy,71.72916336153502,0.08625091175608317
2021-11-30,2021-12-01,BX,Blackstone Inc.,Financials,72.67036011383324,0.07761721405982244
2021-11-30,2021-12-01,WSM,"Williams-Sonoma, Inc.",Consumer Discretionary,78.35186196728841,0.06571563516070218
2021-12-31,2022-01-03,DGX,Quest Diagnostics,Health Care,70.82440912166511,0.12
2021-12-31,2022-01-03,AVGO,Broadcom,Information Technology,79.24040443497599,0.12
2021-12-31,2022-01-03,PLD,Prologis,Real Estate,77.68667871263506,0.11248879995621304
2021-12-31,2022-01-03,LOW,Lowe's,Consumer Discretionary,77.72056666299301,0.1120785929776784
2021-12-31,2022-01-03,ORLY,O'Reilly Automotive,Consumer Discretionary,74.82752245555584,0.09927717646005974
2021-12-31,2022-01-03,PSA,Public Storage,Real Estate,72.7668254801013,0.09505610594530464
2021-12-31,2022-01-03,EXR,Extra Space Storage,Real Estate,78.12904132122887,0.09245509409848233
2021-12-31,2022-01-03,FTNT,Fortinet,Information Technology,80.5390388728496,0.08882623243929164
2021-12-31,2022-01-03,TSCO,Tractor Supply,Consumer Discretionary,77.4934540435534,0.08864423056226184
2021-12-31,2022-01-03,NVDA,Nvidia,Information Technology,79.67427509809374,0.07117376756070838
2022-01-31,2022-02-01,ADM,Archer Daniels Midland,Consumer Staples,75.82886106408517,0.12
2022-01-31,2022-02-01,TRGP,Targa Resources,Energy,74.93226880987926,0.12
2022-01-31,2022-02-01,TSCO,Tractor Supply,Consumer Discretionary,70.33251184939928,0.12
2022-01-31,2022-02-01,TSN,Tyson Foods,Consumer Staples,73.77013726431936,0.12
2022-01-31,2022-02-01,PLD,Prologis,Real Estate,70.22091927343287,0.12
2022-01-31,2022-02-01,AVGO,Broadcom,Information Technology,76.12860052396967,0.10421114797673596
2022-01-31,2022-02-01,KLAC,KLA Corporation,Information Technology,74.15038903450512,0.0793529182179286
2022-01-31,2022-02-01,BX,Blackstone Inc.,Financials,71.08390535024665,0.07916888601985905
2022-01-31,2022-02-01,DVN,Devon Energy,Energy,73.20258846857011,0.0772797275225191
2022-01-31,2022-02-01,NVDA,Nvidia,Information Technology,75.48597583117514,0.05998732026295727
2022-02-28,2022-03-01,ADM,Archer Daniels Midland,Consumer Staples,74.40277556882904,0.12
2022-02-28,2022-03-01,TSN,Tyson Foods,Consumer Staples,73.98414100011185,0.12
2022-02-28,2022-03-01,WRB,W. R. Berkley Corporation,Financials,72.72888656786729,0.12
2022-02-28,2022-03-01,ABBV,AbbVie,Health Care,73.2910617625133,0.12
2022-02-28,2022-03-01,KEY,KeyCorp,Financials,72.9088153565416,0.1134137559600758
2022-02-28,2022-03-01,COP,ConocoPhillips,Energy,74.70035487620605,0.09878912544206023
2022-02-28,2022-03-01,EOG,EOG Resources,Energy,74.76466974403516,0.09842130122862676
2022-02-28,2022-03-01,FANG,Diamondback Energy,Energy,76.15744916556427,0.07442719979063601
2022-02-28,2022-03-01,CF,CF Industries,Materials,73.3184847102174,0.06923959695105684
2022-02-28,2022-03-01,NUE,Nucor,Materials,75.03448555232951,0.06570902062754437
2022-03-31,2022-04-01,REGN,Regeneron Pharmaceuticals,Health Care,76.22502820529667,0.12
2022-03-31,2022-04-01,ABBV,AbbVie,Health Care,74.8643990777087,0.12
2022-03-31,2022-04-01,ADM,Archer Daniels Midland,Consumer Staples,71.63634071777449,0.12
2022-03-31,2022-04-01,COP,ConocoPhillips,Energy,73.00952430712582,0.10861528680295379
2022-03-31,2022-04-01,EOG,EOG Resources,Energy,72.81152778928075,0.09967563189612512
2022-03-31,2022-04-01,AVGO,Broadcom,Information Technology,70.81878403403879,0.09680685284856971
2022-03-31,2022-04-01,FCX,Freeport-McMoRan,Materials,75.81765686618765,0.08940105142723363
2022-03-31,2022-04-01,NUE,Nucor,Materials,80.26651452640148,0.08721191096628597
2022-03-31,2022-04-01,FANG,Diamondback Energy,Energy,73.60217193058197,0.08587596125235408
2022-03-31,2022-04-01,CF,CF Industries,Materials,71.80424169854645,0.07241330480647774
2022-04-29,2022-05-02,WY,Weyerhaeuser,Real Estate,72.96631921070576,0.12
2022-04-29,2022-05-02,ADM,Archer Daniels Midland,Consumer Staples,75.67776641848934,0.12
2022-04-29,2022-05-02,WMB,Williams Companies,Energy,71.44889523554691,0.12
2022-04-29,2022-05-02,REGN,Regeneron Pharmaceuticals,Health Care,77.58500558909547,0.11303731397183756
2022-04-29,2022-05-02,ABBV,AbbVie,Health Care,74.3148083553535,0.10361574029900912
2022-04-29,2022-05-02,DVN,Devon Energy,Energy,72.52643731071761,0.1029717970515226
2022-04-29,2022-05-02,NUE,Nucor,Materials,80.49058281242564,0.0897658376333443
2022-04-29,2022-05-02,PFE,Pfizer,Health Care,70.90679298813127,0.08334694572915334
2022-04-29,2022-05-02,CF,CF Industries,Materials,76.07127138570885,0.07486383409227314
2022-04-29,2022-05-02,FCX,Freeport-McMoRan,Materials,71.54074659588318,0.07239853122285993
2022-05-31,2022-06-01,MPC,Marathon Petroleum,Energy,72.23766364482842,0.12
2022-05-31,2022-06-01,NRG,NRG Energy,Utilities,75.587819241847,0.12
2022-05-31,2022-06-01,MRK,Merck & Co.,Health Care,73.03855561960249,0.12
2022-05-31,2022-06-01,ADM,Archer Daniels Midland,Consumer Staples,73.6602154108197,0.12
2022-05-31,2022-06-01,TPL,Texas Pacific Land Corporation,Energy,73.63836842893437,0.10133102924503501
2022-05-31,2022-06-01,REGN,Regeneron Pharmaceuticals,Health Care,77.88128209527223,0.09238725198060561
2022-05-31,2022-06-01,NUE,Nucor,Materials,77.68951155101709,0.08980001170239965
2022-05-31,2022-06-01,PFE,Pfizer,Health Care,75.33696512083378,0.08761274801939438
2022-05-31,2022-06-01,CF,CF Industries,Materials,78.5734788296278,0.08385724169925715
2022-05-31,2022-06-01,MOS,Mosaic Company (The),Materials,75.634908344188,0.06501171735330814
2022-06-30,2022-07-01,WMB,Williams Companies,Energy,72.26087770662775,0.12
2022-06-30,2022-07-01,WRB,W. R. Berkley Corporation,Financials,73.37104955495637,0.12
2022-06-30,2022-07-01,ATO,Atmos Energy,Utilities,71.59538599313984,0.12
2022-06-30,2022-07-01,MRK,Merck & Co.,Health Care,73.91668665515365,0.1154341679269255
2022-06-30,2022-07-01,ADM,Archer Daniels Midland,Consumer Staples,71.12752452312648,0.10654233890903773
2022-06-30,2022-07-01,ABBV,AbbVie,Health Care,73.752661922522,0.09578003099750487
2022-06-30,2022-07-01,PFE,Pfizer,Health Care,76.10192209812334,0.08878580107556962
2022-06-30,2022-07-01,TPL,Texas Pacific Land Corporation,Energy,76.86245189080758,0.07970763307675308
2022-06-30,2022-07-01,COP,ConocoPhillips,Energy,72.38095967699532,0.07725177446575977
2022-06-30,2022-07-01,CF,CF Industries,Materials,72.99972589849467,0.0764982535484494
2022-07-29,2022-08-01,ATO,Atmos Energy,Utilities,73.70190402715944,0.12
2022-07-29,2022-08-01,SO,Southern Company,Utilities,73.39174774162296,0.12
2022-07-29,2022-08-01,MRK,Merck & Co.,Health Care,70.2458319261159,0.12
2022-07-29,2022-08-01,SNA,Snap-on,Industrials,71.90149193059581,0.12
2022-07-29,2022-08-01,PFE,Pfizer,Health Care,72.5909646830641,0.1067274892234298
2022-07-29,2022-08-01,TPL,Texas Pacific Land Corporation,Energy,79.45237195977376,0.100651275193001
2022-07-29,2022-08-01,CF,CF Industries,Materials,71.45365125218443,0.08688411082992936
2022-07-29,2022-08-01,EXE,Expand Energy,Energy,72.84689781678206,0.07732670649467382
2022-07-29,2022-08-01,DVN,Devon Energy,Energy,72.098614227127,0.07513790748239574
2022-07-29,2022-08-01,VRTX,Vertex Pharmaceuticals,Health Care,70.09156789135317,0.07327251077657021
2022-08-31,2022-09-01,CMI,Cummins,Industrials,73.99864171379329,0.12
2022-08-31,2022-09-01,SO,Southern Company,Utilities,74.71965927592447,0.12
2022-08-31,2022-09-01,ULTA,Ulta Beauty,Consumer Discretionary,72.03342177177576,0.12
2022-08-31,2022-09-01,SNA,Snap-on,Industrials,71.78479934777145,0.12
2022-08-31,2022-09-01,ADM,Archer Daniels Midland,Consumer Staples,71.70745224914582,0.11360652397480249
2022-08-31,2022-09-01,MPC,Marathon Petroleum,Energy,71.33921830399885,0.09026357471323307
2022-08-31,2022-09-01,NUE,Nucor,Materials,71.51305216236781,0.08939257606492645
2022-08-31,2022-09-01,CF,CF Industries,Materials,74.87420688369227,0.086016590635414
2022-08-31,2022-09-01,TPL,Texas Pacific Land Corporation,Energy,78.25251563881956,0.07841376842948533
2022-08-31,2022-09-01,ON,ON Semiconductor,Information Technology,71.33137104181452,0.06230696618213866
2022-09-30,2022-10-03,ORLY,O'Reilly Automotive,Consumer Discretionary,71.6294947136419,0.12
2022-09-30,2022-10-03,EME,Emcor,Industrials,71.38458411172859,0.12
2022-09-30,2022-10-03,ERIE,Erie Indemnity,Financials,68.917672658895,0.12
2022-09-30,2022-10-03,MRK,Merck & Co.,Health Care,70.951190264844,0.12
2022-09-30,2022-10-03,VRTX,Vertex Pharmaceuticals,Health Care,66.83821220873777,0.10858183592438543
2022-09-30,2022-10-03,MPC,Marathon Petroleum,Energy,77.34223388838222,0.10287460119663304
2022-09-30,2022-10-03,COP,ConocoPhillips,Energy,73.4542757566877,0.08712858276497419
2022-09-30,2022-10-03,TPL,Texas Pacific Land Corporation,Energy,80.79825824594145,0.07937513864131077
2022-09-30,2022-10-03,REGN,Regeneron Pharmaceuticals,Health Care,72.6975644368005,0.07141816407561453
2022-09-30,2022-10-03,CF,CF Industries,Materials,67.03583781762909,0.07062167739708199
2022-10-31,2022-11-01,ERIE,Erie Indemnity,Financials,71.76528067211282,0.12
2022-10-31,2022-11-01,MRK,Merck & Co.,Health Care,71.9207758248265,0.12
2022-10-31,2022-11-01,GS,Goldman Sachs,Financials,72.42082281340184,0.11432165909454023
2022-10-31,2022-11-01,EME,Emcor,Industrials,76.5877927763504,0.10312106590521095
2022-10-31,2022-11-01,REGN,Regeneron Pharmaceuticals,Health Care,75.07621903405642,0.09967294001362634
2022-10-31,2022-11-01,CMI,Cummins,Industrials,73.66469108708887,0.09915569612277461
2022-10-31,2022-11-01,PCAR,Paccar,Industrials,72.08789624078406,0.09772323797201445
2022-10-31,2022-11-01,MPC,Marathon Petroleum,Energy,76.93776640175756,0.09388740755909626
2022-10-31,2022-11-01,COP,ConocoPhillips,Energy,75.13092068509113,0.07856903310039803
2022-10-31,2022-11-01,FANG,Diamondback Energy,Energy,76.77868204554527,0.07354896023233908
2022-11-30,2022-12-01,MRK,Merck & Co.,Health Care,72.84235860166713,0.12
2022-11-30,2022-12-01,GS,Goldman Sachs,Financials,72.8387907393573,0.11730927643086127
2022-11-30,2022-12-01,AIG,American International Group,Financials,71.93457713502102,0.11717582864057348
2022-11-30,2022-12-01,ABBV,AbbVie,Health Care,75.12294410837576,0.11527929945913465
2022-11-30,2022-12-01,PCAR,Paccar,Industrials,74.32770661529877,0.103852542672131
2022-11-30,2022-12-01,EME,Emcor,Industrials,77.2916833147114,0.10083242190075148
2022-11-30,2022-12-01,MPC,Marathon Petroleum,Energy,76.04295456369722,0.09616158916935676
2022-11-30,2022-12-01,SNA,Snap-on,Industrials,73.34277066835308,0.0953150354271175
2022-11-30,2022-12-01,TPL,Texas Pacific Land Corporation,Energy,74.510623484484,0.06935330575920846
2022-11-30,2022-12-01,REGN,Regeneron Pharmaceuticals,Health Care,75.84591785551882,0.06472070054086534
2022-12-30,2023-01-03,AIG,American International Group,Financials,75.60053593087474,0.12
2022-12-30,2023-01-03,REGN,Regeneron Pharmaceuticals,Health Care,77.62432824878843,0.12
2022-12-30,2023-01-03,ABBV,AbbVie,Health Care,73.00450633803807,0.12
2022-12-30,2023-01-03,GS,Goldman Sachs,Financials,72.69720612172806,0.10870935816746258
2022-12-30,2023-01-03,PCAR,Paccar,Industrials,74.91959413131798,0.10697714669756644
2022-12-30,2023-01-03,EME,Emcor,Industrials,77.76589658958694,0.09746642036270099
2022-12-30,2023-01-03,SNA,Snap-on,Industrials,73.70256294584628,0.09555643293973257
2022-12-30,2023-01-03,MPC,Marathon Petroleum,Energy,77.46391435450299,0.09029047760779568
2022-12-30,2023-01-03,COP,ConocoPhillips,Energy,74.60513246185533,0.0739550713856385
2022-12-30,2023-01-03,TPL,Texas Pacific Land Corporation,Energy,81.91053859201091,0.06704509283910315
2023-01-31,2023-02-01,AIG,American International Group,Financials,72.74877617263851,0.1194523348789165
2023-01-31,2023-02-01,WTW,Willis Towers Watson,Financials,71.78998305755687,0.11633279580754595
2023-01-31,2023-02-01,GILD,Gilead Sciences,Health Care,77.27450742860167,0.11184908617565277
2023-01-31,2023-02-01,INCY,Incyte,Health Care,78.03761569312866,0.10592880961295041
2023-01-31,2023-02-01,KO,Coca-Cola Company (The),Consumer Staples,69.54465869629237,0.10042447930312436
2023-01-31,2023-02-01,PM,Philip Morris International,Consumer Staples,74.9064661470111,0.10015871343153766
2023-01-31,2023-02-01,MO,Altria,Consumer Staples,68.28440006070169,0.09941680726533801
2023-01-31,2023-02-01,OMC,Omnicom Group,Communication Services,70.87158730455128,0.09262685153700341
2023-01-31,2023-02-01,REGN,Regeneron Pharmaceuticals,Health Care,77.96206270586245,0.08222210421139678
2023-01-31,2023-02-01,VRSN,Verisign,Information Technology,68.54519620613888,0.07158801777653415
2023-02-28,2023-03-01,SNA,Snap-on,Industrials,72.03302856053047,0.1166204344885869
2023-02-28,2023-03-01,DOW,Dow Inc.,Materials,70.88072668138108,0.11512382667007309
2023-02-28,2023-03-01,LYB,LyondellBasell,Materials,72.4971398785978,0.11476803516889017
2023-02-28,2023-03-01,V,Visa Inc.,Financials,77.0789400862069,0.11007464531765175
2023-02-28,2023-03-01,CPRT,Copart,Industrials,75.6638048197543,0.10742448440885143
2023-02-28,2023-03-01,AIG,American International Group,Financials,73.58818930316666,0.10135907388657546
2023-02-28,2023-03-01,VLO,Valero Energy,Energy,70.65421498584777,0.09999999999999998
2023-02-28,2023-03-01,PFG,Principal Financial Group,Financials,73.28005971994898,0.08856628079577272
2023-02-28,2023-03-01,BLDR,Builders FirstSource,Industrials,71.13657698724187,0.07595508110256166
2023-02-28,2023-03-01,NUE,Nucor,Materials,77.15679088201651,0.07010813816103673
2023-03-31,2023-04-03,AVGO,Broadcom,Information Technology,82.82362454736379,0.12
2023-03-31,2023-04-03,CPRT,Copart,Industrials,80.03917588151774,0.12
2023-03-31,2023-04-03,NVR,"NVR, Inc.",Consumer Discretionary,73.25779528825419,0.12
2023-03-31,2023-04-03,DECK,Deckers Brands,Consumer Discretionary,69.27764229023751,0.12
2023-03-31,2023-04-03,MCHP,Microchip Technology,Information Technology,76.13746233056305,0.09627524731005839
2023-03-31,2023-04-03,PCAR,Paccar,Industrials,72.04556308588282,0.09347665149956706
2023-03-31,2023-04-03,BLDR,Builders FirstSource,Industrials,73.94493523630454,0.08652334850043293
2023-03-31,2023-04-03,LRCX,Lam Research,Information Technology,77.70612254629779,0.0837247526899416
2023-03-31,2023-04-03,NUE,Nucor,Materials,73.10725219775001,0.0802403670412213
2023-03-31,2023-04-03,VLO,Valero Energy,Energy,71.53425413256072,0.07975963295877864
2023-04-28,2023-05-01,CPRT,Copart,Industrials,80.07186136599171,0.12
2023-04-28,2023-05-01,HSY,Hershey Company (The),Consumer Staples,69.01582179560295,0.12
2023-04-28,2023-05-01,V,Visa Inc.,Financials,68.90883762014691,0.12
2023-04-28,2023-05-01,AVGO,Broadcom,Information Technology,80.63136046237848,0.11898889201685327
2023-04-28,2023-05-01,PCAR,Paccar,Industrials,71.16896950729121,0.10515900398490037
2023-04-28,2023-05-01,NVR,"NVR, Inc.",Consumer Discretionary,73.29878414519061,0.10357372101957661
2023-04-28,2023-05-01,FOXA,Fox Corporation (Class A),Communication Services,69.08987558394597,0.09699163831164652
2023-04-28,2023-05-01,ANET,Arista Networks,Information Technology,75.1963071154634,0.07906048810286265
2023-04-28,2023-05-01,BLDR,Builders FirstSource,Industrials,71.8037848053319,0.07484099601509964
2023-04-28,2023-05-01,LRCX,Lam Research,Information Technology,74.83099438742319,0.061385260549061016
2023-05-31,2023-06-01,V,Visa Inc.,Financials,68.74190120711509,0.12
2023-05-31,2023-06-01,CPRT,Copart,Industrials,76.36764562866024,0.12
2023-05-31,2023-06-01,VRTX,Vertex Pharmaceuticals,Health Care,69.27501516235888,0.12
2023-05-31,2023-06-01,NVR,"NVR, Inc.",Consumer Discretionary,79.11374013674333,0.11883536036013825
2023-05-31,2023-06-01,PHM,PulteGroup,Consumer Discretionary,75.30667076928546,0.10714982175765007
2023-05-31,2023-06-01,AVGO,Broadcom,Information Technology,75.80183816664882,0.09461351437487463
2023-05-31,2023-06-01,LRCX,Lam Research,Information Technology,78.53675696213496,0.08460190591368899
2023-05-31,2023-06-01,KLAC,KLA Corporation,Information Technology,76.06900657800873,0.0838496285157753
2023-05-31,2023-06-01,NFLX,Netflix,Communication Services,69.34268377266037,0.07693495119566111
2023-05-31,2023-06-01,DECK,Deckers Brands,Consumer Discretionary,76.33433537788196,0.07401481788221163
2023-06-30,2023-07-03,NVR,"NVR, Inc.",Consumer Discretionary,75.11404966732631,0.12
2023-06-30,2023-07-03,DECK,Deckers Brands,Consumer Discretionary,71.85330373581647,0.12
2023-06-30,2023-07-03,V,Visa Inc.,Financials,71.35625065728703,0.12
2023-06-30,2023-07-03,CTAS,Cintas,Industrials,69.60216380280842,0.10986582601469216
2023-06-30,2023-07-03,CPRT,Copart,Industrials,76.34707968554467,0.09617589881099062
2023-06-30,2023-07-03,FAST,Fastenal,Industrials,69.87428147876157,0.09395827517431721
2023-06-30,2023-07-03,NUE,Nucor,Materials,69.58062475147827,0.088409980576231
2023-06-30,2023-07-03,LRCX,Lam Research,Information Technology,71.47351733692288,0.08781360287066399
2023-06-30,2023-07-03,KLAC,KLA Corporation,Information Technology,68.95256163850001,0.08295049810884958
2023-06-30,2023-07-03,AVGO,Broadcom,Information Technology,68.61027959273788,0.08082591844425552
2023-07-31,2023-08-01,MO,Altria,Consumer Staples,74.8822675338442,0.12
2023-07-31,2023-08-01,PM,Philip Morris International,Consumer Staples,69.20705342333319,0.12
2023-07-31,2023-08-01,ROP,Roper Technologies,Information Technology,69.96439959322625,0.11509011218148282
2023-07-31,2023-08-01,VRTX,Vertex Pharmaceuticals,Health Care,75.19553148067259,0.10093427567596376
2023-07-31,2023-08-01,V,Visa Inc.,Financials,70.78043771067645,0.10035979148609542
2023-07-31,2023-08-01,CSCO,Cisco,Information Technology,71.47643372914125,0.09554396133668254
2023-07-31,2023-08-01,NVR,"NVR, Inc.",Consumer Discretionary,72.77302780130363,0.09212243251965406
2023-07-31,2023-08-01,FAST,Fastenal,Industrials,68.14212674258711,0.09110700542344483
2023-07-31,2023-08-01,VRSN,Verisign,Information Technology,70.453413301848,0.08936592648183461
2023-07-31,2023-08-01,CPRT,Copart,Industrials,70.37277441283436,0.0754764948948418
2023-08-31,2023-09-01,V,Visa Inc.,Financials,72.41891261020369,0.12
2023-08-31,2023-09-01,CPRT,Copart,Industrials,74.39420197514,0.11566607490556607
2023-08-31,2023-09-01,NVR,"NVR, Inc.",Consumer Discretionary,74.12504404447485,0.11323167454857207
2023-08-31,2023-09-01,VRTX,Vertex Pharmaceuticals,Health Care,71.99196252482002,0.10990076970990051
2023-08-31,2023-09-01,PCAR,Paccar,Industrials,71.0235929375766,0.1026013944191235
2023-08-31,2023-09-01,COP,ConocoPhillips,Energy,73.46416747799593,0.10096529119087175
2023-08-31,2023-09-01,PSX,Phillips 66,Energy,72.37204928387987,0.09150648609778626
2023-08-31,2023-09-01,DECK,Deckers Brands,Consumer Discretionary,74.38451963791049,0.0881076979840975
2023-08-31,2023-09-01,VLO,Valero Energy,Energy,72.77318665249093,0.08548654194240572
2023-08-31,2023-09-01,AVGO,Broadcom,Information Technology,75.00003910513739,0.07253406920167667
2023-09-29,2023-10-02,PSX,Phillips 66,Energy,78.42850214813217,0.12
2023-09-29,2023-10-02,VRTX,Vertex Pharmaceuticals,Health Care,73.33401023317813,0.12
2023-09-29,2023-10-02,CMCSA,Comcast,Communication Services,69.601505807865,0.12
2023-09-29,2023-10-02,V,Visa Inc.,Financials,75.01930092155084,0.10836136489634678
2023-09-29,2023-10-02,MA,Mastercard,Financials,71.31742949381658,0.10278591667927663
2023-09-29,2023-10-02,DECK,Deckers Brands,Consumer Discretionary,72.18287362196264,0.0970124156206165
2023-09-29,2023-10-02,VLO,Valero Energy,Energy,76.916065828396,0.0937711943563255
2023-09-29,2023-10-02,WRB,W. R. Berkley Corporation,Financials,69.7247195134946,0.0888527184243766
2023-09-29,2023-10-02,AVGO,Broadcom,Information Technology,73.3487038190764,0.08173939193183202
2023-09-29,2023-10-02,TPL,Texas Pacific Land Corporation,Energy,76.83888541507147,0.0674769980912259
2023-10-31,2023-11-01,WMT,Walmart,Consumer Staples,68.35964555825623,0.12
2023-10-31,2023-11-01,PG,Procter & Gamble,Consumer Staples,69.37603867088916,0.11766232123668477
2023-10-31,2023-11-01,ROP,Roper Technologies,Information Technology,70.48898443141812,0.10953898562607904
2023-10-31,2023-11-01,V,Visa Inc.,Financials,74.26783774980325,0.1093303577117258
2023-10-31,2023-11-01,VRTX,Vertex Pharmaceuticals,Health Care,80.43875703096441,0.10473170484963809
2023-10-31,2023-11-01,CSCO,Cisco,Information Technology,73.79398891970087,0.09973455195234139
2023-10-31,2023-11-01,UNH,UnitedHealth Group,Health Care,69.64883333788447,0.09520948365050509
2023-10-31,2023-11-01,NTAP,NetApp,Information Technology,69.39119777717313,0.09072646242157958
2023-10-31,2023-11-01,HUM,Humana,Health Care,68.60707884060695,0.08439687328719277
2023-10-31,2023-11-01,PSX,Phillips 66,Energy,67.4425171099846,0.0686692592642534
2023-11-30,2023-12-01,PCAR,Paccar,Industrials,72.61017804940411,0.11879674229170846
2023-11-30,2023-12-01,V,Visa Inc.,Financials,77.24475106977471,0.11200060464720087
2023-11-30,2023-12-01,AFL,Aflac,Financials,75.73883485370546,0.10859594413888245
2023-11-30,2023-12-01,VST,Vistra Corp.,Utilities,70.07460506518963,0.10854401898796745
2023-11-30,2023-12-01,MPC,Marathon Petroleum,Energy,73.44041297585629,0.10519689672362915
2023-11-30,2023-12-01,PSX,Phillips 66,Energy,73.49738105487666,0.10047220982332487
2023-11-30,2023-12-01,VLO,Valero Energy,Energy,72.76927683970275,0.09256964171800922
2023-11-30,2023-12-01,NUE,Nucor,Materials,70.31166839105295,0.08972938842581459
2023-11-30,2023-12-01,AVGO,Broadcom,Information Technology,70.30647124095479,0.08469110202954624
2023-11-30,2023-12-01,WRB,W. R. Berkley Corporation,Financials,76.1173786442015,0.07940345121391665
2023-12-29,2024-01-02,V,Visa Inc.,Financials,75.94400614201741,0.12
2023-12-29,2024-01-02,PCAR,Paccar,Industrials,74.14449305749584,0.12
2023-12-29,2024-01-02,FAST,Fastenal,Industrials,70.40081785970646,0.11383458944492839
2023-12-29,2024-01-02,VST,Vistra Corp.,Utilities,69.33746652435072,0.09885942089975408
2023-12-29,2024-01-02,CME,CME Group,Financials,72.03274895425207,0.09804562853194515
2023-12-29,2024-01-02,NUE,Nucor,Materials,70.7573950882001,0.0951511811561755
2023-12-29,2024-01-02,SPG,Simon Property Group,Real Estate,71.87398513749895,0.09192367100994016
2023-12-29,2024-01-02,PSX,Phillips 66,Energy,70.02915755925662,0.09032172920645436
2023-12-29,2024-01-02,HST,Host Hotels & Resorts,Real Estate,69.85723382220573,0.08990940828274743
2023-12-29,2024-01-02,WRB,W. R. Berkley Corporation,Financials,73.32588257247481,0.08195437146805483
2024-01-31,2024-02-01,SNA,Snap-on,Industrials,69.83063090939183,0.12
2024-01-31,2024-02-01,CMG,Chipotle Mexican Grill,Consumer Discretionary,70.23394818070116,0.11742629255544548
2024-01-31,2024-02-01,PCAR,Paccar,Industrials,73.25568799518108,0.11621813877139772
2024-01-31,2024-02-01,V,Visa Inc.,Financials,76.89891493174335,0.11621517169441822
2024-01-31,2024-02-01,MA,Mastercard,Financials,72.78368802746549,0.11602372965775765
2024-01-31,2024-02-01,APH,Amphenol,Information Technology,69.6822974044766,0.11580224387429008
2024-01-31,2024-02-01,NOW,ServiceNow,Information Technology,70.16865329410145,0.08712789201067646
2024-01-31,2024-02-01,NUE,Nucor,Materials,70.70498355278868,0.07895571699173998
2024-01-31,2024-02-01,ERIE,Erie Indemnity,Financials,74.616835193168,0.06776109864782415
2024-01-31,2024-02-01,NVDA,Nvidia,Information Technology,71.78760243608995,0.06446971579645026
2024-02-29,2024-03-01,CMG,Chipotle Mexican Grill,Consumer Discretionary,69.34629574307736,0.12
2024-02-29,2024-03-01,REGN,Regeneron Pharmaceuticals,Health Care,68.82199049633978,0.12
2024-02-29,2024-03-01,PCAR,Paccar,Industrials,73.57953631270216,0.11898525122524667
2024-02-29,2024-03-01,JPM,JPMorgan Chase,Financials,74.18192166744181,0.11084226022148239
2024-02-29,2024-03-01,V,Visa Inc.,Financials,76.64337855676935,0.1063024122347698
2024-02-29,2024-03-01,AOS,A. O. Smith,Industrials,70.72353359115668,0.09444059083469405
2024-02-29,2024-03-01,FAST,Fastenal,Industrials,68.56152183611755,0.08657415794005925
2024-02-29,2024-03-01,ANET,Arista Networks,Information Technology,71.41145999316936,0.08391537350899711
2024-02-29,2024-03-01,MA,Mastercard,Financials,70.27745905786047,0.0828553275437478
2024-02-29,2024-03-01,AVGO,Broadcom,Information Technology,69.23236087960049,0.07608462649100285
2024-03-28,2024-04-01,SPG,Simon Property Group,Real Estate,67.58604370847378,0.12
2024-03-28,2024-04-01,PCAR,Paccar,Industrials,70.21644262095714,0.11143736669046075
2024-03-28,2024-04-01,VLO,Valero Energy,Energy,68.6051616472762,0.11062312285236747
2024-03-28,2024-04-01,JPM,JPMorgan Chase,Financials,73.8986630747821,0.10810083241524382
2024-03-28,2024-04-01,V,Visa Inc.,Financials,75.89374348783412,0.10734277284276562
2024-03-28,2024-04-01,AOS,A. O. Smith,Industrials,70.22238970935015,0.09708832147740253
2024-03-28,2024-04-01,CTAS,Cintas,Industrials,67.62494912159087,0.09147431183213672
2024-03-28,2024-04-01,LRCX,Lam Research,Information Technology,68.88165001561258,0.0879001241812632
2024-03-28,2024-04-01,ACGL,Arch Capital Group,Financials,72.89399375770307,0.08455639474199056
2024-03-28,2024-04-01,ANET,Arista Networks,Information Technology,70.43965926821998,0.0814767529663693
2024-04-30,2024-05-01,V,Visa Inc.,Financials,72.56968474094758,0.12
2024-04-30,2024-05-01,PEG,Public Service Enterprise Group,Utilities,71.69271803036517,0.12
2024-04-30,2024-05-01,ETR,Entergy,Utilities,70.37685904482939,0.12
2024-04-30,2024-05-01,MLM,Martin Marietta Materials,Materials,69.78000004281665,0.10455469079657084
2024-04-30,2024-05-01,JPM,JPMorgan Chase,Financials,69.45575914657542,0.10256691426306538
2024-04-30,2024-05-01,CTAS,Cintas,Industrials,69.15612971801144,0.1011854543645961
2024-04-30,2024-05-01,EOG,EOG Resources,Energy,68.748858503776,0.09955741590197124
2024-04-30,2024-05-01,VLO,Valero Energy,Energy,70.72446420118564,0.07897274206011771
2024-04-30,2024-05-01,SYF,Synchrony Financial,Financials,70.6797888563929,0.07743308573693461
2024-04-30,2024-05-01,TPL,Texas Pacific Land Corporation,Energy,69.1185452399314,0.07572969687674404
2024-05-31,2024-06-03,PEG,Public Service Enterprise Group,Utilities,77.55504752115675,0.12
2024-05-31,2024-06-03,V,Visa Inc.,Financials,71.16017162245505,0.12
2024-05-31,2024-06-03,FANG,Diamondback Energy,Energy,73.97163174087595,0.11778542313878186
2024-05-31,2024-06-03,MO,Altria,Consumer Staples,70.16509447769141,0.10970104145187397
2024-05-31,2024-06-03,EOG,EOG Resources,Energy,72.54364145619111,0.10605995342135145
2024-05-31,2024-06-03,ATO,Atmos Energy,Utilities,70.81981116159669,0.10577866737794185
2024-05-31,2024-06-03,WFC,Wells Fargo,Financials,70.26966185460863,0.10143849889768686
2024-05-31,2024-06-03,ACGL,Arch Capital Group,Financials,70.76484454280663,0.07856150110231314
2024-05-31,2024-06-03,NEE,NextEra Energy,Utilities,70.3347033053641,0.07422133262205813
2024-05-31,2024-06-03,VLO,Valero Energy,Energy,72.21181686536123,0.0664535819879928
2024-06-28,2024-07-01,PEG,Public Service Enterprise Group,Utilities,75.34669400585136,0.12
2024-06-28,2024-07-01,MO,Altria,Consumer Staples,73.10926826803227,0.12
2024-06-28,2024-07-01,FOX,Fox Corporation (Class B),Communication Services,70.24182587747259,0.12
2024-06-28,2024-07-01,WMB,Williams Companies,Energy,69.75909130645908,0.11390571154126243
2024-06-28,2024-07-01,ACGL,Arch Capital Group,Financials,71.43441127235968,0.10924504925235667
2024-06-28,2024-07-01,NFLX,Netflix,Communication Services,70.39251505995814,0.10850745323953256
2024-06-28,2024-07-01,EOG,EOG Resources,Energy,70.0472105881569,0.09541783703158416
2024-06-28,2024-07-01,FANG,Diamondback Energy,Energy,69.26529577613651,0.0906764514271534
2024-06-28,2024-07-01,LRCX,Lam Research,Information Technology,69.09982186923212,0.06811294086263014
2024-06-28,2024-07-01,ANET,Arista Networks,Information Technology,69.88173249228578,0.054134556645480586
2024-07-31,2024-08-01,PM,Philip Morris International,Consumer Staples,70.06523735252075,0.12
2024-07-31,2024-08-01,MO,Altria,Consumer Staples,74.66347325631665,0.12
2024-07-31,2024-08-01,FOX,Fox Corporation (Class B),Communication Services,68.2524831402436,0.11895930420341055
2024-07-31,2024-08-01,VRTX,Vertex Pharmaceuticals,Health Care,75.46516454596996,0.11270121089928581
2024-07-31,2024-08-01,ATO,Atmos Energy,Utilities,74.71797232278067,0.10976478919784043
2024-07-31,2024-08-01,REGN,Regeneron Pharmaceuticals,Health Care,72.06602144024104,0.10754975544405854
2024-07-31,2024-08-01,SRE,Sempra,Utilities,70.89234784705914,0.09667782131657697
2024-07-31,2024-08-01,PEG,Public Service Enterprise Group,Utilities,73.03825045484935,0.09355738948558258
2024-07-31,2024-08-01,SPG,Simon Property Group,Real Estate,68.74092556900409,0.08185597230094802
2024-07-31,2024-08-01,ANET,Arista Networks,Information Technology,68.89409097448878,0.03893375715229701
2024-08-30,2024-09-03,ATO,Atmos Energy,Utilities,75.67452045861309,0.11757756357268814
2024-08-30,2024-09-03,UDR,"UDR, Inc.",Real Estate,70.99557466274142,0.1126122300887932
2024-08-30,2024-09-03,KO,Coca-Cola Company (The),Consumer Staples,71.50999104780999,0.10832578328362559
2024-08-30,2024-09-03,JNJ,Johnson & Johnson,Health Care,74.19580448142072,0.10561942797879816
2024-08-30,2024-09-03,PM,Philip Morris International,Consumer Staples,75.99396237561612,0.09771312317819855
2024-08-30,2024-09-03,REGN,Regeneron Pharmaceuticals,Health Care,73.98403114209077,0.09521983820987899
2024-08-30,2024-09-03,MO,Altria,Consumer Staples,79.00914999788348,0.09396109353817585
2024-08-30,2024-09-03,PEG,Public Service Enterprise Group,Utilities,73.49582639596578,0.09181216106637705
2024-08-30,2024-09-03,SRE,Sempra,Utilities,70.65742405810059,0.09061027536093479
2024-08-30,2024-09-03,V,Visa Inc.,Financials,69.39180104137162,0.0865485037225297
2024-09-30,2024-10-01,ATO,Atmos Energy,Utilities,76.5787902709125,0.1191386296523284
2024-09-30,2024-10-01,UDR,"UDR, Inc.",Real Estate,70.70392127533185,0.11257743018306023
2024-09-30,2024-10-01,KO,Coca-Cola Company (The),Consumer Staples,70.98581314623267,0.11033970611028329
2024-09-30,2024-10-01,JNJ,Johnson & Johnson,Health Care,71.52851843184457,0.1080119851119285
2024-09-30,2024-10-01,VICI,Vici Properties,Real Estate,68.83224874315337,0.10328061675200824
2024-09-30,2024-10-01,MO,Altria,Consumer Staples,77.05906065756925,0.09529477911054403
2024-09-30,2024-10-01,PM,Philip Morris International,Consumer Staples,75.0892469369766,0.09436551477917264
2024-09-30,2024-10-01,PEG,Public Service Enterprise Group,Utilities,73.0767354959198,0.0920593726218243
2024-09-30,2024-10-01,ETR,Entergy,Utilities,72.59526777148555,0.08880199772584728
2024-09-30,2024-10-01,SPG,Simon Property Group,Real Estate,68.79908301378204,0.07612996795300306
2024-10-31,2024-11-01,ATO,Atmos Energy,Utilities,76.75730305399769,0.12
2024-10-31,2024-11-01,JNJ,Johnson & Johnson,Health Care,71.95443033733807,0.12
2024-10-31,2024-11-01,PEG,Public Service Enterprise Group,Utilities,69.69596672238897,0.12
2024-10-31,2024-11-01,VICI,Vici Properties,Real Estate,67.85884307016399,0.12
2024-10-31,2024-11-01,CMCSA,Comcast,Communication Services,69.27308190068176,0.10381023758265728
2024-10-31,2024-11-01,KIM,Kimco Realty,Real Estate,68.72881188258995,0.09487131746149179
2024-10-31,2024-11-01,MO,Altria,Consumer Staples,67.71411766204652,0.09486413950747248
2024-10-31,2024-11-01,SPG,Simon Property Group,Real Estate,69.77791673961164,0.0851286825385082
2024-10-31,2024-11-01,META,Meta Platforms,Communication Services,67.9518024739219,0.07989503947849702
2024-10-31,2024-11-01,ANET,Arista Networks,Information Technology,71.61057048777496,0.06143058343137333
2024-11-29,2024-12-02,SPG,Simon Property Group,Real Estate,73.89028671037191,0.12
2024-11-29,2024-12-02,BNY,BNY Mellon,Financials,71.81447783815949,0.12
2024-11-29,2024-12-02,SNA,Snap-on,Industrials,69.68016233422225,0.1120647691342418
2024-11-29,2024-12-02,NOW,ServiceNow,Information Technology,69.04309233167662,0.11061776491532431
2024-11-29,2024-12-02,CINF,Cincinnati Financial,Financials,71.61433878265944,0.09569942770192784
2024-11-29,2024-12-02,NFLX,Netflix,Communication Services,70.21688344596882,0.09450699632347181
2024-11-29,2024-12-02,URI,United Rentals,Industrials,69.36495757761995,0.09280941656390147
2024-11-29,2024-12-02,EME,Emcor,Industrials,70.09020551194092,0.09031536723358458
2024-11-29,2024-12-02,PNC,PNC Financial Services,Financials,71.53219592299055,0.08430057229807214
2024-11-29,2024-12-02,ANET,Arista Networks,Information Technology,72.925448374733,0.07968568582947612
2024-12-31,2025-01-02,SPG,Simon Property Group,Real Estate,69.40742485261102,0.12
2024-12-31,2025-01-02,FOX,Fox Corporation (Class B),Communication Services,69.27819459941627,0.12
2024-12-31,2025-01-02,MA,Mastercard,Financials,71.94723381606346,0.11899716793172783
2024-12-31,2025-01-02,V,Visa Inc.,Financials,74.92931168274929,0.10851312710746161
2024-12-31,2025-01-02,NFLX,Netflix,Communication Services,72.19798316301869,0.1072207155869477
2024-12-31,2025-01-02,SNA,Snap-on,Industrials,70.09047674440971,0.10625671601753212
2024-12-31,2025-01-02,EME,Emcor,Industrials,71.21271292937254,0.10278979293277377
2024-12-31,2025-01-02,ANET,Arista Networks,Information Technology,73.9109339966392,0.08168698441682314
2024-12-31,2025-01-02,PNC,PNC Financial Services,Financials,71.45549066122817,0.07248970496081053
2024-12-31,2025-01-02,NCLH,Norwegian Cruise Line Holdings,Consumer Discretionary,69.28975654446208,0.062045791045923324
2025-01-31,2025-02-03,SNA,Snap-on,Industrials,75.03058912321427,0.12
2025-01-31,2025-02-03,ORLY,O'Reilly Automotive,Consumer Discretionary,70.82106806239634,0.12
2025-01-31,2025-02-03,SPG,Simon Property Group,Real Estate,69.648482960788,0.12
2025-01-31,2025-02-03,FOX,Fox Corporation (Class B),Communication Services,70.85169133523365,0.11811065544795128
2025-01-31,2025-02-03,V,Visa Inc.,Financials,78.09773658226014,0.10800899975472789
2025-01-31,2025-02-03,CME,CME Group,Financials,71.54158169966945,0.10168757687547929
2025-01-31,2025-02-03,META,Meta Platforms,Communication Services,72.69735338707329,0.09243443706620436
2025-01-31,2025-02-03,MA,Mastercard,Financials,70.95356772519355,0.0903034233697928
2025-01-31,2025-02-03,NFLX,Netflix,Communication Services,73.60324802682429,0.08719228514448452
2025-01-31,2025-02-03,ANET,Arista Networks,Information Technology,72.03335261786097,0.04226262234135991
2025-02-28,2025-03-03,ORLY,O'Reilly Automotive,Consumer Discretionary,69.90589018554421,0.11938137404833644
2025-02-28,2025-03-03,V,Visa Inc.,Financials,82.52289632846471,0.11864419659105606
2025-02-28,2025-03-03,MO,Altria,Consumer Staples,71.1072303751452,0.11493050302007782
2025-02-28,2025-03-03,SNA,Snap-on,Industrials,68.0450572700773,0.1146404436913951
2025-02-28,2025-03-03,SPG,Simon Property Group,Real Estate,68.57694932473287,0.10171354983633858
2025-02-28,2025-03-03,FOX,Fox Corporation (Class B),Communication Services,70.30328875821515,0.09995918445509565
2025-02-28,2025-03-03,MA,Mastercard,Financials,74.20885744942252,0.09371250752342772
2025-02-28,2025-03-03,CME,CME Group,Financials,74.01402108025208,0.0876432958855162
2025-02-28,2025-03-03,META,Meta Platforms,Communication Services,73.60550540382407,0.07856747408181476
2025-02-28,2025-03-03,NFLX,Netflix,Communication Services,74.45100960855522,0.07080747086694157
2025-03-31,2025-04-01,VRSN,Verisign,Information Technology,71.83367170071091,0.11873467690977833
2025-03-31,2025-04-01,EVRG,Evergy,Utilities,69.65463514164477,0.11217574591161507
2025-03-31,2025-04-01,V,Visa Inc.,Financials,76.25520585590534,0.10879635085712172
2025-03-31,2025-04-01,MO,Altria,Consumer Staples,81.62746293895307,0.1084261526980591
2025-03-31,2025-04-01,JNJ,Johnson & Johnson,Health Care,70.94632508000703,0.10315706335825311
2025-03-31,2025-04-01,ATO,Atmos Energy,Utilities,72.64273300550431,0.09773925497467847
2025-03-31,2025-04-01,KMB,Kimberly-Clark,Consumer Staples,69.54517207295085,0.09758232057003238
2025-03-31,2025-04-01,XEL,Xcel Energy,Utilities,71.23326212137361,0.09008499911370645
2025-03-31,2025-04-01,PG,Procter & Gamble,Consumer Staples,70.94345939270865,0.08887927389681363
2025-03-31,2025-04-01,EOG,EOG Resources,Energy,70.68206245701538,0.07442416170994169
2025-04-30,2025-05-01,MO,Altria,Consumer Staples,80.20262640868619,0.12
2025-04-30,2025-05-01,CME,CME Group,Financials,74.98635118016543,0.12
2025-04-30,2025-05-01,ATO,Atmos Energy,Utilities,66.68320194471336,0.12
2025-04-30,2025-05-01,XEL,Xcel Energy,Utilities,67.504217897013,0.11371305627156436
2025-04-30,2025-05-01,JNJ,Johnson & Johnson,Health Care,67.67568818998484,0.10293361224401756
2025-04-30,2025-05-01,MNST,Monster Beverage,Consumer Staples,66.67942591808557,0.09633986605301274
2025-04-30,2025-05-01,V,Visa Inc.,Financials,78.33919302484128,0.0928671667818004
2025-04-30,2025-05-01,WRB,W. R. Berkley Corporation,Financials,69.94588051452334,0.08713283321819959
2025-04-30,2025-05-01,PM,Philip Morris International,Consumer Staples,68.43070811478509,0.08366013394698724
2025-04-30,2025-05-01,NFLX,Netflix,Communication Services,73.61469498910101,0.06335333148441812
2025-05-30,2025-06-02,VRSK,Verisk Analytics,Industrials,68.16857230491198,0.12
2025-05-30,2025-06-02,CME,CME Group,Financials,73.81950498180657,0.12
2025-05-30,2025-06-02,VRSN,Verisign,Information Technology,70.93406560693042,0.11787034762345426
2025-05-30,2025-06-02,MO,Altria,Consumer Staples,77.28075814445742,0.11283268875925814
2025-05-30,2025-06-02,MNST,Monster Beverage,Consumer Staples,70.54950556747944,0.1011255255497634
2025-05-30,2025-06-02,V,Visa Inc.,Financials,76.29690622253777,0.09062863825895388
2025-05-30,2025-06-02,WRB,W. R. Berkley Corporation,Financials,70.82323314304817,0.0893713617410461
2025-05-30,2025-06-02,PM,Philip Morris International,Consumer Staples,69.23401515739556,0.08604178569097846
2025-05-30,2025-06-02,NFLX,Netflix,Communication Services,75.2710785398867,0.0840787019296346
2025-05-30,2025-06-02,UBER,Uber,Industrials,71.7281210838488,0.07805095044691118
2025-06-30,2025-07-01,MO,Altria,Consumer Staples,71.26326037745221,0.12
2025-06-30,2025-07-01,VRSN,Verisign,Information Technology,71.65464390430404,0.12
2025-06-30,2025-07-01,LDOS,Leidos,Industrials,69.56343304249766,0.1185814689501071
2025-06-30,2025-07-01,CME,CME Group,Financials,71.57311402812768,0.11642373459607222
2025-06-30,2025-07-01,NFLX,Netflix,Communication Services,77.14387986798116,0.11251965436267845
2025-06-30,2025-07-01,WRB,W. R. Berkley Corporation,Financials,70.76718325369889,0.10227845094490316
2025-06-30,2025-07-01,EME,Emcor,Industrials,70.72284438248059,0.084554274787792
2025-06-30,2025-07-01,V,Visa Inc.,Financials,73.47287661775958,0.08129781445902458
2025-06-30,2025-07-01,UBER,Uber,Industrials,74.39675663010411,0.07762575828329148
2025-06-30,2025-07-01,META,Meta Platforms,Communication Services,69.9605788709867,0.06671884361613101
2025-07-31,2025-08-01,FFIV,"F5, Inc.",Information Technology,71.0580380029136,0.12
2025-07-31,2025-08-01,BNY,BNY Mellon,Financials,68.10490196002362,0.12
2025-07-31,2025-08-01,NFLX,Netflix,Communication Services,73.8154230775587,0.11937176727439644
2025-07-31,2025-08-01,VRSN,Verisign,Information Technology,70.01716417331609,0.11711386492289191
2025-07-31,2025-08-01,V,Visa Inc.,Financials,69.90111531573376,0.10863240039867883
2025-07-31,2025-08-01,EME,Emcor,Industrials,69.9750050337705,0.0953051182205302
2025-07-31,2025-08-01,URI,United Rentals,Industrials,67.95686047155746,0.08810929862378178
2025-07-31,2025-08-01,UBER,Uber,Industrials,70.59660466352776,0.08725397498407589
2025-07-31,2025-08-01,NEM,Newmont,Materials,69.67888992113521,0.07284597597432364
2025-07-31,2025-08-01,SYF,Synchrony Financial,Financials,68.11768126115821,0.07136759960132116
2025-08-29,2025-09-02,GS,Goldman Sachs,Financials,68.07832966602258,0.12
2025-08-29,2025-09-02,FFIV,"F5, Inc.",Information Technology,71.40836757836173,0.11926910473757171
2025-08-29,2025-09-02,LDOS,Leidos,Industrials,70.23593128948399,0.11201753228151733
2025-08-29,2025-09-02,SYF,Synchrony Financial,Financials,71.77665787989994,0.10882334818212289
2025-08-29,2025-09-02,NFLX,Netflix,Communication Services,71.78786503176646,0.10651421992190897
2025-08-29,2025-09-02,NVDA,Nvidia,Information Technology,69.6057760139085,0.09903468868447605
2025-08-29,2025-09-02,EME,Emcor,Industrials,71.28690666141831,0.09299959606620749
2025-08-29,2025-09-02,UBER,Uber,Industrials,72.39291675906667,0.0927509100172647
2025-08-29,2025-09-02,KLAC,KLA Corporation,Information Technology,69.08994427039802,0.07825323992163505
2025-08-29,2025-09-02,NEM,Newmont,Materials,68.60668561284585,0.07033736018729575
2025-09-30,2025-10-01,LDOS,Leidos,Industrials,69.84332886743599,0.1199933774940331
2025-09-30,2025-10-01,FFIV,"F5, Inc.",Information Technology,72.0193245067186,0.11852762095325765
2025-09-30,2025-10-01,NFLX,Netflix,Communication Services,72.87735430111677,0.11452049855751201
2025-09-30,2025-10-01,SYF,Synchrony Financial,Financials,69.98009255232171,0.11385964033471782
2025-09-30,2025-10-01,NVDA,Nvidia,Information Technology,68.54596258636089,0.09604128120255631
2025-09-30,2025-10-01,UBER,Uber,Industrials,70.08057409485345,0.09252116405985143
2025-09-30,2025-10-01,FOX,Fox Corporation (Class B),Communication Services,67.65524483721397,0.08958816852800218
2025-09-30,2025-10-01,FOXA,Fox Corporation (Class A),Communication Services,67.52595224182711,0.08762121546896583
2025-09-30,2025-10-01,EME,Emcor,Industrials,68.24621945395711,0.08748545844611545
2025-09-30,2025-10-01,KLAC,KLA Corporation,Information Technology,69.64575998190382,0.07984157495498817
2025-10-31,2025-11-03,NSC,Norfolk Southern,Industrials,68.64045441386921,0.12
2025-10-31,2025-11-03,CINF,Cincinnati Financial,Financials,67.22987610445846,0.12
2025-10-31,2025-11-03,SPG,Simon Property Group,Real Estate,66.01623811524337,0.12
2025-10-31,2025-11-03,HCA,HCA Healthcare,Health Care,66.13494113553884,0.11677162195479586
2025-10-31,2025-11-03,SYF,Synchrony Financial,Financials,67.42651924448819,0.10966913719172156
2025-10-31,2025-11-03,BKR,Baker Hughes,Energy,68.64259212480015,0.10052314936157368
2025-10-31,2025-11-03,SNA,Snap-on,Industrials,67.2497989248637,0.09550632509496185
2025-10-31,2025-11-03,LDOS,Leidos,Industrials,67.37790051828367,0.08449367490503816
2025-10-31,2025-11-03,QCOM,Qualcomm,Information Technology,66.0206481662627,0.07131409198396382
2025-10-31,2025-11-03,NEM,Newmont,Materials,67.12902419802053,0.06172199950794518
2025-11-28,2025-12-01,LDOS,Leidos,Industrials,67.40246599047379,0.12
2025-11-28,2025-12-01,RMD,ResMed|,Health Care,70.83160172037742,0.11954855278367302
2025-11-28,2025-12-01,FE,FirstEnergy,Utilities,67.61622172440944,0.11445063348449899
2025-11-28,2025-12-01,ATO,Atmos Energy,Utilities,68.8463462872255,0.10767325779244057
2025-11-28,2025-12-01,EW,Edwards Lifesciences,Health Care,70.40936381618434,0.10602748710245767
2025-11-28,2025-12-01,FANG,Diamondback Energy,Energy,70.19958588347752,0.09658574106678527
2025-11-28,2025-12-01,BKR,Baker Hughes,Energy,71.26493864655261,0.09611945539221346
2025-11-28,2025-12-01,DVN,Devon Energy,Energy,70.44145392812891,0.08729480354100126
2025-11-28,2025-12-01,XEL,Xcel Energy,Utilities,67.37929202859398,0.07787610872306044
2025-11-28,2025-12-01,MRK,Merck & Co.,Health Care,72.439817737989,0.07442396011386929
2025-12-31,2026-01-02,LDOS,Leidos,Industrials,67.61283514215121,0.11695907203123225
2025-12-31,2026-01-02,FOXA,Fox Corporation (Class A),Communication Services,69.11077757515655,0.11146351051880883
2025-12-31,2026-01-02,TRV,Travelers Companies (The),Financials,71.19736781670912,0.11128115738762372
2025-12-31,2026-01-02,BIIB,Biogen,Health Care,74.12961224455411,0.11105579206592485
2025-12-31,2026-01-02,MRK,Merck & Co.,Health Care,75.33044046948466,0.11018202105167746
2025-12-31,2026-01-02,CINF,Cincinnati Financial,Financials,73.79470658494355,0.1099659244469579
2025-12-31,2026-01-02,FOX,Fox Corporation (Class B),Communication Services,68.04595979737877,0.10875187221811572
2025-12-31,2026-01-02,SYF,Synchrony Financial,Financials,74.2031765360095,0.07875291816541839
2025-12-31,2026-01-02,REGN,Regeneron Pharmaceuticals,Health Care,72.66586152589794,0.0759988981618674
2025-12-31,2026-01-02,KLAC,KLA Corporation,Information Technology,69.54077030492599,0.06558883395237347
2026-01-30,2026-02-02,SNA,Snap-on,Industrials,68.03997862966263,0.12
2026-01-30,2026-02-02,AVY,Avery Dennison,Materials,73.32341205154697,0.12
2026-01-30,2026-02-02,CTVA,Corteva,Materials,70.8756689025545,0.12
2026-01-30,2026-02-02,MRK,Merck & Co.,Health Care,75.45556560206991,0.10967304062341006
2026-01-30,2026-02-02,FANG,Diamondback Energy,Energy,74.75147901152187,0.09923300485781826
2026-01-30,2026-02-02,BIIB,Biogen,Health Care,72.79189775918783,0.09532950601215051
2026-01-30,2026-02-02,DVN,Devon Energy,Energy,77.8732325602197,0.09312579920333464
2026-01-30,2026-02-02,REGN,Regeneron Pharmaceuticals,Health Care,71.95273171489492,0.09222128757773584
2026-01-30,2026-02-02,BKR,Baker Hughes,Energy,72.27849519915827,0.09041736172555082
2026-01-30,2026-02-02,NEM,Newmont,Materials,72.28460914100606,0.06
2026-02-27,2026-03-02,SNA,Snap-on,Industrials,69.49101052970067,0.12
2026-02-27,2026-03-02,INCY,Incyte,Health Care,71.80324452840591,0.12
2026-02-27,2026-03-02,PM,Philip Morris International,Consumer Staples,67.28393659513856,0.12
2026-02-27,2026-03-02,JNJ,Johnson & Johnson,Health Care,68.86494424887572,0.12
2026-02-27,2026-03-02,MNST,Monster Beverage,Consumer Staples,67.61550836893296,0.12
2026-02-27,2026-03-02,CF,CF Industries,Materials,73.66105421458298,0.09784554767526994
2026-02-27,2026-03-02,COP,ConocoPhillips,Energy,68.52859187350673,0.08926097341713125
2026-02-27,2026-03-02,DVN,Devon Energy,Energy,73.03511590791531,0.08843271934268337
2026-02-27,2026-03-02,APA,APA Corporation,Energy,69.62967466493517,0.0666083569709421
2026-02-27,2026-03-02,NEM,Newmont,Materials,69.9510992124672,0.05785240259397334
2026-03-31,2026-04-01,MO,Altria,Consumer Staples,67.40350137346061,0.12
2026-03-31,2026-04-01,JNJ,Johnson & Johnson,Health Care,67.6484985758389,0.12
2026-03-31,2026-04-01,SNA,Snap-on,Industrials,68.60655188950965,0.12
2026-03-31,2026-04-01,EOG,EOG Resources,Energy,70.93008565105985,0.10608775501569472
2026-03-31,2026-04-01,COP,ConocoPhillips,Energy,69.64005276404144,0.09827639989273061
2026-03-31,2026-04-01,DVN,Devon Energy,Energy,73.72449923582005,0.09563584509157466
2026-03-31,2026-04-01,REGN,Regeneron Pharmaceuticals,Health Care,67.80318793680439,0.0955053838639687
2026-03-31,2026-04-01,INCY,Incyte,Health Care,72.35156694789092,0.08449461613603129
2026-03-31,2026-04-01,NEM,Newmont,Materials,74.65713738035987,0.08128617817848151
2026-03-31,2026-04-01,CF,CF Industries,Materials,70.67258516650729,0.07871382182151858
2026-04-30,2026-05-01,CTVA,Corteva,Materials,67.95280686823361,0.12
2026-04-30,2026-05-01,ATO,Atmos Energy,Utilities,67.8263338238093,0.12
2026-04-30,2026-05-01,SNA,Snap-on,Industrials,68.53145144312177,0.12
2026-04-30,2026-05-01,SPG,Simon Property Group,Real Estate,69.35038668019374,0.12
2026-04-30,2026-05-01,MO,Altria,Consumer Staples,69.79282683019305,0.11473732182173516
2026-04-30,2026-05-01,EQT,EQT Corporation,Energy,75.15657882922562,0.10166886076039429
2026-04-30,2026-05-01,DVN,Devon Energy,Energy,79.44831932059745,0.09958336942316547
2026-04-30,2026-05-01,EOG,EOG Resources,Energy,74.97334415024316,0.09874776981644023
2026-04-30,2026-05-01,NEM,Newmont,Materials,74.36595541417297,0.05372155666022344
2026-04-30,2026-05-01,CF,CF Industries,Materials,71.81318590247412,0.051541121518041355
2026-05-29,2026-06-01,EOG,EOG Resources,Energy,74.3320307734883,0.12
2026-05-29,2026-06-01,SPG,Simon Property Group,Real Estate,69.08938893148377,0.12
2026-05-29,2026-06-01,FRT,Federal Realty Investment Trust,Real Estate,68.05102678725359,0.12
2026-05-29,2026-06-01,MO,Altria,Consumer Staples,66.40498503458862,0.12
2026-05-29,2026-06-01,INCY,Incyte,Health Care,68.24145108899172,0.12
2026-05-29,2026-06-01,FFIV,"F5, Inc.",Information Technology,66.9714144259338,0.10114327982850652
2026-05-29,2026-06-01,DVN,Devon Energy,Energy,72.13912542883423,0.10000698779844718
2026-05-29,2026-06-01,APA,APA Corporation,Energy,72.16474236868376,0.07324369711328783
2026-05-29,2026-06-01,NEM,Newmont,Materials,72.46832853673276,0.07128714994477302
2026-05-29,2026-06-01,CF,CF Industries,Materials,68.70285514679708,0.054318885314985486
2026-06-30,2026-07-01,PNC,PNC Financial Services,Financials,66.39627863465627,0.12
2026-06-30,2026-07-01,SNA,Snap-on,Industrials,68.03830951222731,0.12
2026-06-30,2026-07-01,TROW,T. Rowe Price,Financials,66.29449194082446,0.12
2026-06-30,2026-07-01,FRT,Federal Realty Investment Trust,Real Estate,67.6846796709262,0.11307088563330858
2026-06-30,2026-07-01,EOG,EOG Resources,Energy,71.49911381745162,0.10772391836012211
2026-06-30,2026-07-01,SPG,Simon Property Group,Real Estate,71.14440996555018,0.09831244826886444
2026-06-30,2026-07-01,INCY,Incyte,Health Care,69.4856044280976,0.09067837210770252
2026-06-30,2026-07-01,HST,Host Hotels & Resorts,Real Estate,67.13515881893261,0.08861666609782694
2026-06-30,2026-07-01,DVN,Devon Energy,Energy,65.89098440192552,0.07716548790283688
2026-06-30,2026-07-01,CF,CF Industries,Materials,68.40191100492476,0.06443222162933845
