signal_date,Symbol,Security,GICS Sector,weight,stock_return,gross_return_contribution
2018-01-31,GOOG,Alphabet Inc. (Class C),Communication Services,0.1,-0.04708368559741005,-0.004708368559741005
2018-01-31,V,Visa Inc.,Financials,0.1,-0.010143917550012871,-0.001014391755001287
2018-01-31,MA,Mastercard,Financials,0.1,0.02225984210677212,0.002225984210677212
2018-01-31,TROW,T. Rowe Price,Financials,0.1,0.014644833906859445,0.0014644833906859445
2018-01-31,URI,United Rentals,Industrials,0.1,-0.03276512089266803,-0.0032765120892668032
2018-01-31,DECK,Deckers Brands,Consumer Discretionary,0.1,0.11183053744528526,0.011183053744528527
2018-01-31,NVDA,Nvidia,Information Technology,0.1,0.014843126151636854,0.0014843126151636854
2018-01-31,NTAP,NetApp,Information Technology,0.1,-0.012057938910587152,-0.0012057938910587152
2018-01-31,ANET,Arista Networks,Information Technology,0.1,-0.009370415242345498,-0.0009370415242345499
2018-01-31,MU,Micron Technology,Information Technology,0.1,0.13313238985116493,0.013313238985116493
2018-02-28,MA,Mastercard,Financials,0.1,-0.009696912789676326,-0.0009696912789676327
2018-02-28,TROW,T. Rowe Price,Financials,0.1,-0.036106516628395036,-0.0036106516628395036
2018-02-28,ODFL,Old Dominion,Industrials,0.1,0.05338754596779127,0.005338754596779127
2018-02-28,AMZN,Amazon,Consumer Discretionary,0.1,-0.06341178094242172,-0.0063411780942421725
2018-02-28,DECK,Deckers Brands,Consumer Discretionary,0.1,-0.04891473782125089,-0.004891473782125089
2018-02-28,URI,United Rentals,Industrials,0.1,-0.015564012461563914,-0.0015564012461563915
2018-02-28,NVDA,Nvidia,Information Technology,0.1,-0.054441980978141236,-0.005444198097814124
2018-02-28,MU,Micron Technology,Information Technology,0.1,0.05679704709924094,0.005679704709924094
2018-02-28,ANET,Arista Networks,Information Technology,0.1,-0.06347918639040573,-0.006347918639040573
2018-02-28,CVNA,Carvana,Consumer Discretionary,0.1,0.13485378274074034,0.013485378274074034
2018-03-29,MA,Mastercard,Financials,0.1,0.02223917567009548,0.002223917567009548
2018-03-29,CME,CME Group,Financials,0.1,-0.02512051801439663,-0.0025120518014396633
2018-03-29,ODFL,Old Dominion,Industrials,0.1,-0.08710148356770153,-0.008710148356770154
2018-03-29,DECK,Deckers Brands,Consumer Discretionary,0.1,0.033173723739533534,0.0033173723739533534
2018-03-29,AMZN,Amazon,Consumer Discretionary,0.1,0.10270744977080914,0.010270744977080914
2018-03-29,BBY,Best Buy,Consumer Discretionary,0.1,0.09073987164531383,0.009073987164531384
2018-03-29,NVDA,Nvidia,Information Technology,0.1,-0.018230107214694646,-0.0018230107214694648
2018-03-29,LRCX,Lam Research,Information Technology,0.1,-0.08610872803181768,-0.008610872803181768
2018-03-29,MU,Micron Technology,Information Technology,0.1,-0.11544444736284343,-0.011544444736284343
2018-03-29,ANET,Arista Networks,Information Technology,0.1,0.04375436276075351,0.004375436276075351
2018-04-30,PSX,Phillips 66,Energy,0.1,0.05816851693243397,0.005816851693243397
2018-04-30,VLO,Valero Energy,Energy,0.1,0.1148968928881755,0.01148968928881755
2018-04-30,MA,Mastercard,Financials,0.1,0.07718651425489864,0.007718651425489865
2018-04-30,MPC,Marathon Petroleum,Energy,0.1,0.08038800599837792,0.008038800599837793
2018-04-30,DECK,Deckers Brands,Consumer Discretionary,0.1,0.2244370634443018,0.022443706344430183
2018-04-30,AMZN,Amazon,Consumer Discretionary,0.1,0.047216619606648136,0.004721661960664814
2018-04-30,NVDA,Nvidia,Information Technology,0.1,0.13174977976275604,0.013174977976275605
2018-04-30,ANET,Arista Networks,Information Technology,0.1,-0.04494418703267611,-0.004494418703267611
2018-04-30,MU,Micron Technology,Information Technology,0.1,0.28997598025902893,0.028997598025902894
2018-04-30,CMG,Chipotle Mexican Grill,Consumer Discretionary,0.1,0.019608236308632288,0.001960823630863229
2018-05-31,PSX,Phillips 66,Energy,0.1,-0.04804509510791466,-0.004804509510791467
2018-05-31,FFIV,"F5, Inc.",Information Technology,0.1,-0.018731764537236573,-0.0018731764537236574
2018-05-31,VLO,Valero Energy,Energy,0.1,-0.09977063896919858,-0.009977063896919859
2018-05-31,LVS,Las Vegas Sands,Consumer Discretionary,0.1,-0.07563095659975727,-0.007563095659975727
2018-05-31,DECK,Deckers Brands,Consumer Discretionary,0.1,-0.0067758205803314375,-0.0006775820580331438
2018-05-31,MPC,Marathon Petroleum,Energy,0.1,-0.12647277956410197,-0.012647277956410198
2018-05-31,NVDA,Nvidia,Information Technology,0.1,-0.07838576415372567,-0.007838576415372568
2018-05-31,ANET,Arista Networks,Information Technology,0.1,0.009182268787315762,0.0009182268787315762
2018-05-31,MU,Micron Technology,Information Technology,0.1,-0.12395859527806696,-0.012395859527806696
2018-05-31,CMG,Chipotle Mexican Grill,Consumer Discretionary,0.1,-0.008364399545778833,-0.0008364399545778833
2018-06-29,FFIV,"F5, Inc.",Information Technology,0.1,0.003269104195080086,0.0003269104195080086
2018-06-29,CSGP,CoStar Group,Real Estate,0.1,0.013327832158524622,0.0013327832158524624
2018-06-29,PSX,Phillips 66,Energy,0.1,0.09664440886258974,0.009664440886258974
2018-06-29,VLO,Valero Energy,Energy,0.1,0.061055484933683735,0.006105548493368374
2018-06-29,DECK,Deckers Brands,Consumer Discretionary,0.1,-0.0006202136102059219,-6.20213610205922e-05
2018-06-29,AMZN,Amazon,Consumer Discretionary,0.1,0.06020080446198284,0.006020080446198284
2018-06-29,NVDA,Nvidia,Information Technology,0.1,0.051433195998043635,0.005143319599804364
2018-06-29,ANET,Arista Networks,Information Technology,0.1,0.005961268718841506,0.0005961268718841506
2018-06-29,MU,Micron Technology,Information Technology,0.1,0.02212726653674646,0.002212726653674646
2018-06-29,CMG,Chipotle Mexican Grill,Consumer Discretionary,0.1,0.016402628030355526,0.0016402628030355527
2018-07-31,SPG,Simon Property Group,Real Estate,0.1,0.05464229164792678,0.005464229164792678
2018-07-31,NEE,NextEra Energy,Utilities,0.1,0.025649218288028575,0.0025649218288028575
2018-07-31,VRSN,Verisign,Information Technology,0.1,0.08941812108134006,0.008941812108134007
2018-07-31,CSGP,CoStar Group,Real Estate,0.1,0.062444398236079834,0.006244439823607984
2018-07-31,CNC,Centene Corporation,Health Care,0.1,0.11534359304624187,0.011534359304624188
2018-07-31,PSX,Phillips 66,Energy,0.1,-0.025396043230337617,-0.002539604323033762
2018-07-31,ISRG,Intuitive Surgical,Health Care,0.1,0.09515508389614014,0.009515508389614014
2018-07-31,VLO,Valero Energy,Energy,0.1,0.022094075366395405,0.0022094075366395406
2018-07-31,DECK,Deckers Brands,Consumer Discretionary,0.1,0.08918448059343698,0.008918448059343697
2018-07-31,MU,Micron Technology,Information Technology,0.1,-0.009874554478810582,-0.0009874554478810583
2018-08-31,SPG,Simon Property Group,Real Estate,0.1,-0.03393421114997952,-0.0033934211149979523
2018-08-31,CNC,Centene Corporation,Health Care,0.1,-0.008128328088992887,-0.0008128328088992887
2018-08-31,CSGP,CoStar Group,Real Estate,0.1,-0.04229845304730728,-0.004229845304730729
2018-08-31,AMZN,Amazon,Consumer Discretionary,0.1,-0.0022254566154175093,-0.00022254566154175095
2018-08-31,ISRG,Intuitive Surgical,Health Care,0.1,0.02889086643528449,0.002889086643528449
2018-08-31,DECK,Deckers Brands,Consumer Discretionary,0.1,-0.03158069952031872,-0.0031580699520318725
2018-08-31,TECH,Bio-Techne,Health Care,0.1,0.06723379346172709,0.006723379346172709
2018-08-31,CMG,Chipotle Mexican Grill,Consumer Discretionary,0.1,-0.06136208061581183,-0.0061362080615811835
2018-08-31,VEEV,Veeva Systems,Health Care,0.1,0.031474895001564196,0.0031474895001564196
2018-08-31,ANET,Arista Networks,Information Technology,0.1,-0.07507789165678547,-0.007507789165678547
2018-09-28,PFE,Pfizer,Health Care,0.1,-0.018850940428892682,-0.0018850940428892682
2018-09-28,CNC,Centene Corporation,Health Care,0.1,-0.09572349364781085,-0.009572349364781086
2018-09-28,CSX,CSX Corporation,Industrials,0.1,-0.07058358926790276,-0.007058358926790276
2018-09-28,ISRG,Intuitive Surgical,Health Care,0.1,-0.09096751019929972,-0.009096751019929973
2018-09-28,AMZN,Amazon,Consumer Discretionary,0.1,-0.19706332519175085,-0.019706332519175085
2018-09-28,TECH,Bio-Techne,Health Care,0.1,-0.1875272799569948,-0.01875272799569948
2018-09-28,DECK,Deckers Brands,Consumer Discretionary,0.1,0.07497063231348688,0.0074970632313486885
2018-09-28,NVDA,Nvidia,Information Technology,0.1,-0.25288550310038227,-0.025288550310038228
2018-09-28,VEEV,Veeva Systems,Health Care,0.1,-0.14745556599795484,-0.014745556599795484
2018-09-28,CMG,Chipotle Mexican Grill,Consumer Discretionary,0.1,0.03362642474001554,0.003362642474001554
2018-10-31,NEE,NextEra Energy,Utilities,0.1,0.04622931558182364,0.004622931558182364
2018-10-31,SPG,Simon Property Group,Real Estate,0.1,0.023019738060105155,0.0023019738060105154
2018-10-31,PFE,Pfizer,Health Care,0.1,0.08166281313112989,0.00816628131311299
2018-10-31,HRL,Hormel Foods,Consumer Staples,0.1,0.03273822387004732,0.0032738223870047325
2018-10-31,MO,Altria,Consumer Staples,0.1,-0.1545595133525519,-0.015455951335255192
2018-10-31,AAPL,Apple Inc.,Information Technology,0.1,-0.15497094259012933,-0.015497094259012934
2018-10-31,DECK,Deckers Brands,Consumer Discretionary,0.1,0.06450351568032886,0.006450351568032886
2018-10-31,KR,Kroger,Consumer Staples,0.1,-0.01424388826584333,-0.001424388826584333
2018-10-31,VEEV,Veeva Systems,Health Care,0.1,0.08216934558543287,0.008216934558543288
2018-10-31,TTD,Trade Desk (The),Communication Services,0.1,0.18607256453484022,0.018607256453484024
2018-11-30,NEE,NextEra Energy,Utilities,0.1,-0.04284668403822145,-0.004284668403822145
2018-11-30,SPG,Simon Property Group,Real Estate,0.1,-0.10804261364379575,-0.010804261364379576
2018-11-30,HRL,Hormel Foods,Consumer Staples,0.1,-0.06340052844827526,-0.006340052844827526
2018-11-30,PFE,Pfizer,Health Care,0.1,-0.07008852576415325,-0.0070088525764153255
2018-11-30,PG,Procter & Gamble,Consumer Staples,0.1,-0.038449576836228294,-0.0038449576836228298
2018-11-30,CMG,Chipotle Mexican Grill,Consumer Discretionary,0.1,-0.10405848824483344,-0.010405848824483345
2018-11-30,CNC,Centene Corporation,Health Care,0.1,-0.20648397662668672,-0.020648397662668672
2018-11-30,DECK,Deckers Brands,Consumer Discretionary,0.1,-0.0746236289259895,-0.007462362892598951
2018-11-30,EW,Edwards Lifesciences,Health Care,0.1,-0.07411470806823484,-0.007411470806823484
2018-11-30,VEEV,Veeva Systems,Health Care,0.1,-0.11717248494238908,-0.011717248494238908
2018-12-31,NEE,NextEra Energy,Utilities,0.1,0.032950990438082695,0.0032950990438082696
2018-12-31,HRL,Hormel Foods,Consumer Staples,0.1,0.006068520340826167,0.0006068520340826167
2018-12-31,XEL,Xcel Energy,Utilities,0.1,0.06326310963767989,0.00632631096376799
2018-12-31,CME,CME Group,Financials,0.1,-0.018663593103527165,-0.0018663593103527166
2018-12-31,SPG,Simon Property Group,Real Estate,0.1,0.10958800945860969,0.01095880094586097
2018-12-31,PFE,Pfizer,Health Care,0.1,0.0028854078757285517,0.0002885407875728552
2018-12-31,PG,Procter & Gamble,Consumer Staples,0.1,0.06681391911772816,0.006681391911772816
2018-12-31,REGN,Regeneron Pharmaceuticals,Health Care,0.1,0.1639819262741149,0.01639819262741149
2018-12-31,DECK,Deckers Brands,Consumer Discretionary,0.1,0.15088507094174375,0.015088507094174376
2018-12-31,VEEV,Veeva Systems,Health Care,0.1,0.2450028121136829,0.024500281211368293
2019-01-31,NEE,NextEra Energy,Utilities,0.1,0.05832606818088992,0.005832606818088993
2019-01-31,SPG,Simon Property Group,Real Estate,0.1,-0.00750689132234672,-0.0007506891322346721
2019-01-31,AMT,American Tower,Real Estate,0.1,0.01761460782715929,0.001761460782715929
2019-01-31,SBUX,Starbucks,Consumer Discretionary,0.1,0.035116133747625344,0.0035116133747625346
2019-01-31,CMG,Chipotle Mexican Grill,Consumer Discretionary,0.1,0.15226260806916425,0.015226260806916426
2019-01-31,REGN,Regeneron Pharmaceuticals,Health Care,0.1,0.014655208922445873,0.0014655208922445873
2019-01-31,EW,Edwards Lifesciences,Health Care,0.1,0.01957736097228735,0.001957736097228735
2019-01-31,DECK,Deckers Brands,Consumer Discretionary,0.1,0.03399992139093211,0.003399992139093211
2019-01-31,VEEV,Veeva Systems,Health Care,0.1,0.09036695847817522,0.009036695847817522
2019-01-31,TTD,Trade Desk (The),Communication Services,0.1,0.39790838273514084,0.03979083827351409
2019-02-28,NEE,NextEra Energy,Utilities,0.1,0.03146331832464244,0.0031463318324642443
2019-02-28,AES,AES Corporation,Utilities,0.1,0.04858293811700665,0.004858293811700665
2019-02-28,DOC,Healthpeak Properties,Real Estate,0.1,0.016228406055475375,0.0016228406055475376
2019-02-28,KIM,Kimco Realty,Real Estate,0.1,0.04592627460185761,0.004592627460185761
2019-02-28,FAST,Fastenal,Industrials,0.1,0.024932938052981246,0.002493293805298125
2019-02-28,AVGO,Broadcom,Information Technology,0.1,0.10113302342039043,0.010113302342039044
2019-02-28,FTNT,Fortinet,Information Technology,0.1,-0.03226181627111713,-0.003226181627111713
2019-02-28,CMG,Chipotle Mexican Grill,Consumer Discretionary,0.1,0.16726769565330213,0.016726769565330212
2019-02-28,DECK,Deckers Brands,Consumer Discretionary,0.1,-0.01447338361263717,-0.0014473383612637171
2019-02-28,VEEV,Veeva Systems,Health Care,0.1,0.07698781357469908,0.007698781357469909
2019-03-29,NEE,NextEra Energy,Utilities,0.1,0.0004654064842155581,4.6540648421555813e-05
2019-03-29,KIM,Kimco Realty,Real Estate,0.1,-0.04079357676740969,-0.004079357676740969
2019-03-29,AES,AES Corporation,Utilities,0.1,-0.0486920213654477,-0.004869202136544771
2019-03-29,VRSN,Verisign,Information Technology,0.1,0.08096587692948964,0.008096587692948964
2019-03-29,CSGP,CoStar Group,Real Estate,0.1,0.05840409044525674,0.005840409044525674
2019-03-29,FTNT,Fortinet,Information Technology,0.1,0.10698672725206504,0.010698672725206505
2019-03-29,KLAC,KLA Corporation,Information Technology,0.1,0.07132119448377505,0.007132119448377505
2019-03-29,DECK,Deckers Brands,Consumer Discretionary,0.1,0.07031672468486527,0.0070316724684865274
2019-03-29,ANET,Arista Networks,Information Technology,0.1,-0.012110138262613979,-0.001211013826261398
2019-03-29,LRCX,Lam Research,Information Technology,0.1,0.14307697585897694,0.014307697585897694
2019-04-30,VRSN,Verisign,Information Technology,0.1,-0.015516139748561364,-0.0015516139748561364
2019-04-30,KLAC,KLA Corporation,Information Technology,0.1,-0.18648270806082734,-0.018648270806082733
2019-04-30,ERIE,Erie Indemnity,Financials,0.1,0.12239571704135521,0.012239571704135522
2019-04-30,LRCX,Lam Research,Information Technology,0.1,-0.15650851117646503,-0.015650851117646504
2019-04-30,DECK,Deckers Brands,Consumer Discretionary,0.1,-0.04457797532996832,-0.004457797532996833
2019-04-30,AVGO,Broadcom,Information Technology,0.1,-0.2120123352482558,-0.021201233524825582
2019-04-30,FTNT,Fortinet,Information Technology,0.1,-0.22768051830017844,-0.022768051830017844
2019-04-30,ANET,Arista Networks,Information Technology,0.1,-0.2259273319565791,-0.02259273319565791
2019-04-30,CSGP,CoStar Group,Real Estate,0.1,0.0294407598862656,0.00294407598862656
2019-04-30,CMG,Chipotle Mexican Grill,Consumer Discretionary,0.1,-0.04533573355541343,-0.004533573355541343
2019-05-31,NEE,NextEra Energy,Utilities,0.1,0.027346446342941144,0.0027346446342941147
2019-05-31,PSA,Public Storage,Real Estate,0.1,0.013354063476689104,0.0013354063476689105
2019-05-31,EXR,Extra Space Storage,Real Estate,0.1,-0.0003781871516347346,-3.781871516347346e-05
2019-05-31,CSGP,CoStar Group,Real Estate,0.1,0.09441105252435023,0.009441105252435023
2019-05-31,VRSN,Verisign,Information Technology,0.1,0.0862982089209352,0.00862982089209352
2019-05-31,KIM,Kimco Realty,Real Estate,0.1,0.06542646275391162,0.006542646275391162
2019-05-31,CMG,Chipotle Mexican Grill,Consumer Discretionary,0.1,0.12286545170101504,0.012286545170101505
2019-05-31,DECK,Deckers Brands,Consumer Discretionary,0.1,0.17624098910281583,0.017624098910281584
2019-05-31,META,Meta Platforms,Communication Services,0.1,0.11548564838571584,0.011548564838571584
2019-05-31,LRCX,Lam Research,Information Technology,0.1,0.11520460204549554,0.011520460204549554
2019-06-28,V,Visa Inc.,Financials,0.1,0.022015643222939474,0.0022015643222939476
2019-06-28,SBUX,Starbucks,Consumer Discretionary,0.1,0.12266603019127675,0.012266603019127676
2019-06-28,TSCO,Tractor Supply,Consumer Discretionary,0.1,-0.00809626117598028,-0.000809626117598028
2019-06-28,MA,Mastercard,Financials,0.1,0.01582489219865235,0.0015824892198652353
2019-06-28,CSGP,CoStar Group,Real Estate,0.1,0.10227765841149838,0.010227765841149839
2019-06-28,ERIE,Erie Indemnity,Financials,0.1,-0.13300555232700872,-0.013300555232700873
2019-06-28,DECK,Deckers Brands,Consumer Discretionary,0.1,-0.12057621608360691,-0.012057621608360693
2019-06-28,CMG,Chipotle Mexican Grill,Consumer Discretionary,0.1,0.07624279994834038,0.007624279994834038
2019-06-28,LRCX,Lam Research,Information Technology,0.1,0.06845875189346984,0.006845875189346984
2019-06-28,TER,Teradyne,Information Technology,0.1,0.1417003304589135,0.014170033045891352
2019-07-31,NEE,NextEra Energy,Utilities,0.1,0.06488803710306601,0.006488803710306601
2019-07-31,EL,Estée Lauder Companies (The),Consumer Staples,0.1,0.06877670140360581,0.0068776701403605815
2019-07-31,CSGP,CoStar Group,Real Estate,0.1,-0.011319125788579631,-0.0011319125788579632
2019-07-31,AAPL,Apple Inc.,Information Technology,0.1,-0.0312559540345162,-0.00312559540345162
2019-07-31,INTU,Intuit,Information Technology,0.1,0.02404808634323241,0.002404808634323241
2019-07-31,TXN,Texas Instruments,Information Technology,0.1,-0.020302512540682494,-0.0020302512540682494
2019-07-31,KLAC,KLA Corporation,Information Technology,0.1,0.1009715934705373,0.010097159347053731
2019-07-31,LRCX,Lam Research,Information Technology,0.1,0.014959941558947198,0.00149599415589472
2019-07-31,ERIE,Erie Indemnity,Financials,0.1,-0.020033271296136412,-0.0020033271296136415
2019-07-31,TER,Teradyne,Information Technology,0.1,-0.06365739520239178,-0.006365739520239178
2019-08-30,NEE,NextEra Energy,Utilities,0.1,0.061011831777484815,0.006101183177748482
2019-08-30,CMG,Chipotle Mexican Grill,Consumer Discretionary,0.1,0.014501803051254036,0.0014501803051254038
2019-08-30,TSN,Tyson Foods,Consumer Staples,0.1,-0.0721386270557679,-0.00721386270557679
2019-08-30,CSGP,CoStar Group,Real Estate,0.1,-0.03300301989315724,-0.003300301989315724
2019-08-30,SBUX,Starbucks,Consumer Discretionary,0.1,-0.08079212964138416,-0.008079212964138415
2019-08-30,AAPL,Apple Inc.,Information Technology,0.1,0.09029676261500219,0.00902967626150022
2019-08-30,EL,Estée Lauder Companies (The),Consumer Staples,0.1,0.010977694857523979,0.001097769485752398
2019-08-30,KLAC,KLA Corporation,Information Technology,0.1,0.0758061854494787,0.007580618544947871
2019-08-30,LRCX,Lam Research,Information Technology,0.1,0.1098121347686436,0.01098121347686436
2019-08-30,NVDA,Nvidia,Information Technology,0.1,0.06331287972116972,0.0063312879721169725
2019-09-30,NEE,NextEra Energy,Utilities,0.1,0.028127111239450997,0.0028127111239450997
2019-09-30,ETR,Entergy,Utilities,0.1,0.03896083920063931,0.003896083920063931
2019-09-30,FE,FirstEnergy,Utilities,0.1,0.009375166215883413,0.0009375166215883413
2019-09-30,SO,Southern Company,Utilities,0.1,0.020616737233674076,0.0020616737233674076
2019-09-30,WRB,W. R. Berkley Corporation,Financials,0.1,-0.03089232535449038,-0.0030892325354490383
2019-09-30,JCI,Johnson Controls,Industrials,0.1,-0.009748774446125874,-0.0009748774446125875
2019-09-30,CSGP,CoStar Group,Real Estate,0.1,-0.06270324537432426,-0.006270324537432426
2019-09-30,LRCX,Lam Research,Information Technology,0.1,0.1751932856263585,0.017519328562635852
2019-09-30,KLAC,KLA Corporation,Information Technology,0.1,0.05808830938253151,0.0058088309382531515
2019-09-30,EL,Estée Lauder Companies (The),Consumer Staples,0.1,-0.05821425990301743,-0.005821425990301743
2019-10-31,NEE,NextEra Energy,Utilities,0.1,-0.01562593432704318,-0.0015625934327043178
2019-10-31,FE,FirstEnergy,Utilities,0.1,-0.013335741609725948,-0.001333574160972595
2019-10-31,ETR,Entergy,Utilities,0.1,-0.03879588575271409,-0.003879588575271409
2019-10-31,SO,Southern Company,Utilities,0.1,-0.006509895800984267,-0.0006509895800984267
2019-10-31,KIM,Kimco Realty,Real Estate,0.1,-0.0009263761013259542,-9.263761013259542e-05
2019-10-31,AAPL,Apple Inc.,Information Technology,0.1,0.07426629474708224,0.007426629474708225
2019-10-31,CSGP,CoStar Group,Real Estate,0.1,0.10495497715683122,0.010495497715683123
2019-10-31,KLAC,KLA Corporation,Information Technology,0.1,-0.03166461905096207,-0.0031664619050962074
2019-10-31,LRCX,Lam Research,Information Technology,0.1,-0.026805939859669614,-0.0026805939859669615
2019-10-31,NVDA,Nvidia,Information Technology,0.1,0.08526897826972268,0.008526897826972269
2019-11-29,AAPL,Apple Inc.,Information Technology,0.1,0.1083921937411183,0.01083921937411183
2019-11-29,ODFL,Old Dominion,Industrials,0.1,-0.0039551735399242505,-0.00039551735399242507
2019-11-29,TROW,T. Rowe Price,Financials,0.1,-0.004799420668520904,-0.0004799420668520904
2019-11-29,CPRT,Copart,Industrials,0.1,0.030672093046264504,0.0030672093046264504
2019-11-29,STX,Seagate Technology,Information Technology,0.1,0.007683117302262232,0.0007683117302262233
2019-11-29,NVDA,Nvidia,Information Technology,0.1,0.102975055374666,0.010297505537466601
2019-11-29,FTNT,Fortinet,Information Technology,0.1,0.0226192652538717,0.00226192652538717
2019-11-29,KLAC,KLA Corporation,Information Technology,0.1,0.10265298960629976,0.010265298960629977
2019-11-29,LRCX,Lam Research,Information Technology,0.1,0.11473483009369123,0.011473483009369123
2019-11-29,BIIB,Biogen,Health Care,0.1,0.02295191145883635,0.002295191145883635
2019-12-31,AMGN,Amgen,Health Care,0.1,-0.10950618367231202,-0.010950618367231203
2019-12-31,BMY,Bristol Myers Squibb,Health Care,0.1,-0.011746309665947585,-0.0011746309665947585
2019-12-31,AAPL,Apple Inc.,Information Technology,0.1,0.027207549341973225,0.0027207549341973225
2019-12-31,VRTX,Vertex Pharmaceuticals,Health Care,0.1,0.04776602229969695,0.004776602229969696
2019-12-31,REGN,Regeneron Pharmaceuticals,Health Care,0.1,-0.10134905100301173,-0.010134905100301173
2019-12-31,NVDA,Nvidia,Information Technology,0.1,-0.012774752973732872,-0.0012774752973732874
2019-12-31,FTNT,Fortinet,Information Technology,0.1,0.0766728430962933,0.00766728430962933
2019-12-31,KLAC,KLA Corporation,Information Technology,0.1,-0.07473160529733713,-0.007473160529733714
2019-12-31,LRCX,Lam Research,Information Technology,0.1,0.014267388531925773,0.0014267388531925774
2019-12-31,BIIB,Biogen,Health Care,0.1,-0.09513145335145379,-0.009513145335145379
2020-01-31,NEE,NextEra Energy,Utilities,0.1,-0.051045354828892386,-0.005104535482889239
2020-01-31,GEN,Gen Digital,Information Technology,0.1,0.14701622720063745,0.014701622720063746
2020-01-31,BMY,Bristol Myers Squibb,Health Care,0.1,-0.055942826467831885,-0.0055942826467831885
2020-01-31,AAPL,Apple Inc.,Information Technology,0.1,-0.07016109763638179,-0.007016109763638179
2020-01-31,VRTX,Vertex Pharmaceuticals,Health Care,0.1,-0.027431105831765668,-0.002743110583176567
2020-01-31,NVDA,Nvidia,Information Technology,0.1,0.175500989662285,0.0175500989662285
2020-01-31,LRCX,Lam Research,Information Technology,0.1,-0.011200057101570904,-0.0011200057101570903
2020-01-31,FTNT,Fortinet,Information Technology,0.1,-0.10556750701137896,-0.010556750701137896
2020-01-31,SWKS,Skyworks Solutions,Information Technology,0.1,-0.10110820477804128,-0.010110820477804129
2020-01-31,SMCI,Supermicro,Information Technology,0.1,-0.08404860328154695,-0.008404860328154696
2020-02-28,NEE,NextEra Energy,Utilities,0.1,-0.08945374038093856,-0.008945374038093857
2020-02-28,ABBV,AbbVie,Health Care,0.1,-0.16139551048536394,-0.016139551048536396
2020-02-28,FTNT,Fortinet,Information Technology,0.1,-0.06446633770027554,-0.006446633770027555
2020-02-28,AAPL,Apple Inc.,Information Technology,0.1,-0.12675372403079332,-0.012675372403079333
2020-02-28,GEN,Gen Digital,Information Technology,0.1,-0.046744000578734846,-0.004674400057873485
2020-02-28,LRCX,Lam Research,Information Technology,0.1,-0.22355867200132895,-0.022355867200132898
2020-02-28,SWKS,Skyworks Solutions,Information Technology,0.1,-0.14769467625007793,-0.014769467625007793
2020-02-28,NVDA,Nvidia,Information Technology,0.1,-0.07674251306523916,-0.0076742513065239165
2020-02-28,SMCI,Supermicro,Information Technology,0.1,-0.20109335534616635,-0.020109335534616635
2020-02-28,BIIB,Biogen,Health Care,0.1,0.0005507481275552895,5.507481275552895e-05
2020-03-31,GEN,Gen Digital,Information Technology,0.1,0.15647393522158115,0.015647393522158114
2020-03-31,GILD,Gilead Sciences,Health Care,0.1,0.09257264380447183,0.009257264380447184
2020-03-31,DVA,DaVita,Health Care,0.1,0.05771319982652545,0.005771319982652546
2020-03-31,VRTX,Vertex Pharmaceuticals,Health Care,0.1,0.0738411155876304,0.007384111558763041
2020-03-31,AAPL,Apple Inc.,Information Technology,0.1,0.16125753212898908,0.01612575321289891
2020-03-31,BIIB,Biogen,Health Care,0.1,-0.04449334653347148,-0.004449334653347148
2020-03-31,FTNT,Fortinet,Information Technology,0.1,0.08974622071883465,0.008974622071883464
2020-03-31,NOW,ServiceNow,Information Technology,0.1,0.24672913229571813,0.024672913229571814
2020-03-31,NVDA,Nvidia,Information Technology,0.1,0.11226299952240182,0.011226299952240183
2020-03-31,INTC,Intel,Information Technology,0.1,0.12057147171008653,0.012057147171008654
2020-04-30,GEN,Gen Digital,Information Technology,0.1,0.06955717016494445,0.006955717016494445
2020-04-30,ABBV,AbbVie,Health Care,0.1,0.12324576894562056,0.012324576894562057
2020-04-30,GILD,Gilead Sciences,Health Care,0.1,-0.07056651870477582,-0.007056651870477582
2020-04-30,REGN,Regeneron Pharmaceuticals,Health Care,0.1,0.1540733497709037,0.01540733497709037
2020-04-30,VEEV,Veeva Systems,Health Care,0.1,0.14397333026992132,0.014397333026992132
2020-04-30,AAPL,Apple Inc.,Information Technology,0.1,0.11304871357158763,0.011304871357158764
2020-04-30,BIIB,Biogen,Health Care,0.1,0.036093108862746304,0.0036093108862746306
2020-04-30,FTNT,Fortinet,Information Technology,0.1,0.32345700255038357,0.03234570025503836
2020-04-30,NOW,ServiceNow,Information Technology,0.1,0.12561024674821275,0.012561024674821276
2020-04-30,NVDA,Nvidia,Information Technology,0.1,0.24258831779855394,0.024258831779855397
2020-05-29,ABBV,AbbVie,Health Care,0.1,0.07007063555771009,0.00700706355577101
2020-05-29,TECH,Bio-Techne,Health Care,0.1,-0.0010233199562873496,-0.00010233199562873497
2020-05-29,GILD,Gilead Sciences,Health Care,0.1,0.03069177585251759,0.003069177585251759
2020-05-29,BIIB,Biogen,Health Care,0.1,-0.12701160021333957,-0.012701160021333958
2020-05-29,VEEV,Veeva Systems,Health Care,0.1,0.08454867982034231,0.008454867982034231
2020-05-29,AAPL,Apple Inc.,Information Technology,0.1,0.14907949537882126,0.014907949537882126
2020-05-29,VRTX,Vertex Pharmaceuticals,Health Care,0.1,0.017798284399393793,0.0017798284399393794
2020-05-29,NVDA,Nvidia,Information Technology,0.1,0.07832287140245175,0.007832287140245175
2020-05-29,FTNT,Fortinet,Information Technology,0.1,-0.01816749238632831,-0.001816749238632831
2020-05-29,SWKS,Skyworks Solutions,Information Technology,0.1,0.08082958413334662,0.008082958413334663
2020-06-30,ABBV,AbbVie,Health Care,0.1,-0.02180900448601719,-0.002180900448601719
2020-06-30,AAPL,Apple Inc.,Information Technology,0.1,0.18536346833671447,0.018536346833671447
2020-06-30,NVDA,Nvidia,Information Technology,0.1,0.1272744360518041,0.01272744360518041
2020-06-30,QCOM,Qualcomm,Information Technology,0.1,0.18009038566135604,0.018009038566135605
2020-06-30,VEEV,Veeva Systems,Health Care,0.1,0.1396170108876329,0.01396170108876329
2020-06-30,SWKS,Skyworks Solutions,Information Technology,0.1,0.15058731385211854,0.015058731385211854
2020-06-30,FTNT,Fortinet,Information Technology,0.1,0.01988779476834579,0.001988779476834579
2020-06-30,DECK,Deckers Brands,Consumer Discretionary,0.1,0.06902322782575254,0.006902322782575254
2020-06-30,KLAC,KLA Corporation,Information Technology,0.1,0.041700496592042446,0.0041700496592042445
2020-06-30,LRCX,Lam Research,Information Technology,0.1,0.18205822713171238,0.018205822713171237
2020-07-31,AAPL,Apple Inc.,Information Technology,0.1,0.2291991940571152,0.02291991940571152
2020-07-31,NVDA,Nvidia,Information Technology,0.1,0.2563738117864729,0.025637381178647292
2020-07-31,ANET,Arista Networks,Information Technology,0.1,-0.1379230792705829,-0.01379230792705829
2020-07-31,SWKS,Skyworks Solutions,Information Technology,0.1,-0.0030128711189459922,-0.00030128711189459924
2020-07-31,KLAC,KLA Corporation,Information Technology,0.1,0.02066449440320639,0.002066449440320639
2020-07-31,LRCX,Lam Research,Information Technology,0.1,-0.10832459899951086,-0.010832459899951087
2020-07-31,QCOM,Qualcomm,Information Technology,0.1,0.12737425847058326,0.012737425847058326
2020-07-31,TER,Teradyne,Information Technology,0.1,-0.03867625067437175,-0.003867625067437175
2020-07-31,DECK,Deckers Brands,Consumer Discretionary,0.1,-0.032496789204604415,-0.0032496789204604416
2020-07-31,FTNT,Fortinet,Information Technology,0.1,-0.05185713086809429,-0.005185713086809429
2020-08-31,TSCO,Tractor Supply,Consumer Discretionary,0.1,-0.03290705504529157,-0.003290705504529157
2020-08-31,SWKS,Skyworks Solutions,Information Technology,0.1,0.010412622592861576,0.0010412622592861577
2020-08-31,NVDA,Nvidia,Information Technology,0.1,0.020623281098117063,0.0020623281098117066
2020-08-31,AMZN,Amazon,Consumer Discretionary,0.1,-0.08069171473107717,-0.008069171473107718
2020-08-31,NEM,Newmont,Materials,0.1,-0.06199173103828082,-0.006199173103828082
2020-08-31,LRCX,Lam Research,Information Technology,0.1,0.002664767247802624,0.0002664767247802624
2020-08-31,TER,Teradyne,Information Technology,0.1,-0.05889749609711781,-0.005889749609711781
2020-08-31,FTNT,Fortinet,Information Technology,0.1,-0.10622267813643105,-0.010622267813643105
2020-08-31,META,Meta Platforms,Communication Services,0.1,-0.09962340830384864,-0.009962340830384865
2020-08-31,QCOM,Qualcomm,Information Technology,0.1,-0.004192549485665831,-0.0004192549485665831
2020-09-30,TSCO,Tractor Supply,Consumer Discretionary,0.1,-0.06339139876906486,-0.0063391398769064855
2020-09-30,AVGO,Broadcom,Information Technology,0.1,-0.03777962999492468,-0.003777962999492468
2020-09-30,BBY,Best Buy,Consumer Discretionary,0.1,0.0024846720624127627,0.00024846720624127627
2020-09-30,DECK,Deckers Brands,Consumer Discretionary,0.1,0.138782780396695,0.013878278039669501
2020-09-30,WSM,"Williams-Sonoma, Inc.",Consumer Discretionary,0.1,0.009457322088034958,0.0009457322088034959
2020-09-30,PHM,PulteGroup,Consumer Discretionary,0.1,-0.11099240776638819,-0.011099240776638819
2020-09-30,SWKS,Skyworks Solutions,Information Technology,0.1,-0.02793257067181587,-0.002793257067181587
2020-09-30,NVDA,Nvidia,Information Technology,0.1,-0.07997170123452768,-0.007997170123452768
2020-09-30,QCOM,Qualcomm,Information Technology,0.1,0.038105405634426104,0.0038105405634426106
2020-09-30,AAPL,Apple Inc.,Information Technology,0.1,-0.07250936674101671,-0.0072509366741016715
2020-10-30,CPRT,Copart,Industrials,0.1,0.03663984287947386,0.0036639842879473863
2020-10-30,CMI,Cummins,Industrials,0.1,0.05803021823974697,0.005803021823974697
2020-10-30,ODFL,Old Dominion,Industrials,0.1,0.05157776786596435,0.005157776786596436
2020-10-30,CTAS,Cintas,Industrials,0.1,0.12797962453155698,0.012797962453155698
2020-10-30,BBY,Best Buy,Consumer Discretionary,0.1,-0.037089737829258174,-0.0037089737829258175
2020-10-30,DECK,Deckers Brands,Consumer Discretionary,0.1,0.019522795566760287,0.0019522795566760287
2020-10-30,DOW,Dow Inc.,Materials,0.1,0.19164686251606255,0.019164686251606257
2020-10-30,WSM,"Williams-Sonoma, Inc.",Consumer Discretionary,0.1,0.19919727651471542,0.01991972765147154
2020-10-30,URI,United Rentals,Industrials,0.1,0.2871824173961821,0.028718241739618212
2020-10-30,NVDA,Nvidia,Information Technology,0.1,0.06592825114003364,0.006592825114003365
2020-11-30,CPRT,Copart,Industrials,0.1,0.10215515925966456,0.010215515925966458
2020-11-30,CMI,Cummins,Industrials,0.1,-0.029703828964771195,-0.0029703828964771197
2020-11-30,CSX,CSX Corporation,Industrials,0.1,-0.0028597487466541782,-0.0002859748746654178
2020-11-30,ODFL,Old Dominion,Industrials,0.1,-0.04225979966504656,-0.004225979966504656
2020-11-30,CTVA,Corteva,Materials,0.1,0.0043926673041787545,0.0004392667304178755
2020-11-30,CTAS,Cintas,Industrials,0.1,-0.014204607992383878,-0.0014204607992383878
2020-11-30,SNA,Snap-on,Industrials,0.1,-0.03582271008141469,-0.003582271008141469
2020-11-30,DECK,Deckers Brands,Consumer Discretionary,0.1,0.12081242517622348,0.012081242517622348
2020-11-30,LRCX,Lam Research,Information Technology,0.1,0.041984072869814204,0.004198407286981421
2020-11-30,URI,United Rentals,Industrials,0.1,0.0043779807659638514,0.00043779807659638514
2020-12-31,CPRT,Copart,Industrials,0.1,-0.13875634005080095,-0.013875634005080096
2020-12-31,ERIE,Erie Indemnity,Financials,0.1,-0.006270464630286243,-0.0006270464630286244
2020-12-31,CTVA,Corteva,Materials,0.1,0.03267299951333813,0.0032672999513338134
2020-12-31,DECK,Deckers Brands,Consumer Discretionary,0.1,0.015324568153707308,0.0015324568153707308
2020-12-31,LRCX,Lam Research,Information Technology,0.1,0.026978952033796633,0.0026978952033796634
2020-12-31,RJF,Raymond James Financial,Financials,0.1,0.05082629761734614,0.005082629761734615
2020-12-31,MS,Morgan Stanley,Financials,0.1,-0.015170143109689782,-0.0015170143109689783
2020-12-31,ANET,Arista Networks,Information Technology,0.1,0.06617137704006781,0.006617137704006782
2020-12-31,SYF,Synchrony Financial,Financials,0.1,-0.010571514269338,-0.0010571514269338
2020-12-31,XYZ,"Block, Inc.",Financials,0.1,-0.03004560868918771,-0.003004560868918771
2021-01-29,AVGO,Broadcom,Information Technology,0.1,0.052320038511292966,0.005232003851129297
2021-01-29,ANET,Arista Networks,Information Technology,0.1,-0.08870967741935487,-0.008870967741935487
2021-01-29,KLAC,KLA Corporation,Information Technology,0.1,0.1079066500161654,0.01079066500161654
2021-01-29,FTNT,Fortinet,Information Technology,0.1,0.17167643219729167,0.01716764321972917
2021-01-29,LRCX,Lam Research,Information Technology,0.1,0.174136964885234,0.0174136964885234
2021-01-29,TER,Teradyne,Information Technology,0.1,0.129308467441567,0.012930846744156699
2021-01-29,NVDA,Nvidia,Information Technology,0.1,0.06295331559886796,0.006295331559886797
2021-01-29,DECK,Deckers Brands,Consumer Discretionary,0.1,0.12516577536029416,0.012516577536029416
2021-01-29,SYF,Synchrony Financial,Financials,0.1,0.14645920834159543,0.014645920834159543
2021-01-29,XYZ,"Block, Inc.",Financials,0.1,0.10333164961786911,0.010333164961786913
2021-02-26,TROW,T. Rowe Price,Financials,0.1,0.05564742470295103,0.005564742470295103
2021-02-26,ERIE,Erie Indemnity,Financials,0.1,-0.09282780361687559,-0.00928278036168756
2021-02-26,AVGO,Broadcom,Information Technology,0.1,-0.008213514099155717,-0.0008213514099155717
2021-02-26,GOOG,Alphabet Inc. (Class C),Communication Services,0.1,0.020145651780595575,0.0020145651780595574
2021-02-26,GS,Goldman Sachs,Financials,0.1,-0.0021539293461402265,-0.00021539293461402266
2021-02-26,MS,Morgan Stanley,Financials,0.1,-0.002177944722767111,-0.00021779447227671112
2021-02-26,FTNT,Fortinet,Information Technology,0.1,0.08897446559260103,0.008897446559260103
2021-02-26,DECK,Deckers Brands,Consumer Discretionary,0.1,0.010906652530423777,0.0010906652530423778
2021-02-26,TPL,Texas Pacific Land Corporation,Energy,0.1,0.41283359895450134,0.041283359895450136
2021-02-26,LRCX,Lam Research,Information Technology,0.1,0.06270652006157484,0.006270652006157485
2021-03-31,CSX,CSX Corporation,Industrials,0.1,0.045833903302266776,0.004583390330226678
2021-03-31,RJF,Raymond James Financial,Financials,0.1,0.08457262426598922,0.008457262426598921
2021-03-31,GS,Goldman Sachs,Financials,0.1,0.08029629101240388,0.008029629101240388
2021-03-31,SNA,Snap-on,Industrials,0.1,0.04112684238748732,0.004112684238748732
2021-03-31,ODFL,Old Dominion,Industrials,0.1,0.0771634010111204,0.007716340101112041
2021-03-31,GOOG,Alphabet Inc. (Class C),Communication Services,0.1,0.14527041835455945,0.014527041835455945
2021-03-31,GOOGL,Alphabet Inc. (Class A),Communication Services,0.1,0.13031902206604884,0.013031902206604884
2021-03-31,AOS,A. O. Smith,Industrials,0.1,0.02148064919328374,0.002148064919328374
2021-03-31,DECK,Deckers Brands,Consumer Discretionary,0.1,0.015929450764992747,0.001592945076499275
2021-03-31,TPL,Texas Pacific Land Corporation,Energy,0.1,-0.003081774811744653,-0.0003081774811744653
2021-04-30,ODFL,Old Dominion,Industrials,0.1,0.03868660391249934,0.0038686603912499343
2021-04-30,GS,Goldman Sachs,Financials,0.1,0.08173658323548061,0.008173658323548062
2021-04-30,AOS,A. O. Smith,Industrials,0.1,0.04996313971452748,0.004996313971452749
2021-04-30,SNA,Snap-on,Industrials,0.1,0.0812948885158491,0.00812948885158491
2021-04-30,GOOG,Alphabet Inc. (Class C),Communication Services,0.1,0.008024217088476782,0.0008024217088476782
2021-04-30,SYF,Synchrony Financial,Financials,0.1,0.08523368609662296,0.008523368609662296
2021-04-30,URI,United Rentals,Industrials,0.1,0.04322497429899541,0.004322497429899541
2021-04-30,FIX,Comfort Systems USA,Industrials,0.1,0.003593365275779581,0.00035933652757795813
2021-04-30,DVN,Devon Energy,Energy,0.1,0.21739143201032918,0.02173914320103292
2021-04-30,TPL,Texas Pacific Land Corporation,Energy,0.1,-0.06180132827502349,-0.006180132827502349
2021-05-28,SNA,Snap-on,Industrials,0.1,-0.12678996913902973,-0.012678996913902974
2021-05-28,GS,Goldman Sachs,Financials,0.1,0.007942585289408832,0.0007942585289408832
2021-05-28,KKR,KKR & Co.,Financials,0.1,0.0553877507394569,0.00553877507394569
2021-05-28,GOOG,Alphabet Inc. (Class C),Communication Services,0.1,0.030964121113824294,0.0030964121113824295
2021-05-28,TROW,T. Rowe Price,Financials,0.1,0.04927823765187145,0.004927823765187145
2021-05-28,KIM,Kimco Realty,Real Estate,0.1,-0.013441802349753784,-0.0013441802349753785
2021-05-28,GOOGL,Alphabet Inc. (Class A),Communication Services,0.1,0.02529451420106099,0.0025294514201060995
2021-05-28,SPG,Simon Property Group,Real Estate,0.1,0.0085080801153814,0.00085080801153814
2021-05-28,SYF,Synchrony Financial,Financials,0.1,0.013835262123342407,0.0013835262123342408
2021-05-28,TPL,Texas Pacific Land Corporation,Energy,0.1,0.09956719947100368,0.009956719947100368
2021-06-30,GOOG,Alphabet Inc. (Class C),Communication Services,0.1,0.08518021251466878,0.00851802125146688
2021-06-30,GOOGL,Alphabet Inc. (Class A),Communication Services,0.1,0.11001831382531191,0.01100183138253119
2021-06-30,KIM,Kimco Realty,Real Estate,0.1,0.028175572643190483,0.0028175572643190485
2021-06-30,ANET,Arista Networks,Information Technology,0.1,0.048460289610872564,0.004846028961087257
2021-06-30,GS,Goldman Sachs,Financials,0.1,-0.011898942129575651,-0.0011898942129575651
2021-06-30,SPG,Simon Property Group,Real Estate,0.1,-0.009273470988968024,-0.0009273470988968024
2021-06-30,NVDA,Nvidia,Information Technology,0.1,-0.0211178723763632,-0.0021117872376363203
2021-06-30,DECK,Deckers Brands,Consumer Discretionary,0.1,0.07250579531276213,0.007250579531276214
2021-06-30,LRCX,Lam Research,Information Technology,0.1,-0.0022696049614360225,-0.00022696049614360226
2021-06-30,TPL,Texas Pacific Land Corporation,Energy,0.1,-0.07892100446719308,-0.007892100446719308
2021-07-30,GOOG,Alphabet Inc. (Class C),Communication Services,0.1,0.07503084126483484,0.0075030841264834836
2021-07-30,EXR,Extra Space Storage,Real Estate,0.1,0.06259215171913235,0.006259215171913236
2021-07-30,GOOGL,Alphabet Inc. (Class A),Communication Services,0.1,0.0731441115156497,0.0073144111515649705
2021-07-30,CPRT,Copart,Industrials,0.1,-0.017462744427566235,-0.0017462744427566236
2021-07-30,ANET,Arista Networks,Information Technology,0.1,-0.030078717729863813,-0.0030078717729863816
2021-07-30,TECH,Bio-Techne,Health Care,0.1,0.029516743248255484,0.0029516743248255485
2021-07-30,SPG,Simon Property Group,Real Estate,0.1,0.04875188481316761,0.0048751884813167615
2021-07-30,KIM,Kimco Realty,Real Estate,0.1,0.015791793004657828,0.001579179300465783
2021-07-30,NVDA,Nvidia,Information Technology,0.1,0.14157166125525888,0.014157166125525889
2021-07-30,TPL,Texas Pacific Land Corporation,Energy,0.1,-0.08986024674640314,-0.008986024674640315
2021-08-31,GOOG,Alphabet Inc. (Class C),Communication Services,0.1,-0.0830449268243535,-0.00830449268243535
2021-08-31,EXR,Extra Space Storage,Real Estate,0.1,-0.08981252454254318,-0.008981252454254319
2021-08-31,GOOGL,Alphabet Inc. (Class A),Communication Services,0.1,-0.07277574023673261,-0.0072775740236732615
2021-08-31,ANET,Arista Networks,Information Technology,0.1,-0.06640690582204922,-0.006640690582204923
2021-08-31,RMD,ResMed|,Health Care,0.1,-0.08619684297085362,-0.008619684297085362
2021-08-31,REGN,Regeneron Pharmaceuticals,Health Care,0.1,-0.14520079482291248,-0.014520079482291249
2021-08-31,ORCL,Oracle Corporation,Information Technology,0.1,-0.016804762641653093,-0.0016804762641653094
2021-08-31,FTNT,Fortinet,Information Technology,0.1,-0.08304462915932076,-0.008304462915932077
2021-08-31,NVDA,Nvidia,Information Technology,0.1,-0.07716248519407831,-0.007716248519407831
2021-08-31,SPG,Simon Property Group,Real Estate,0.1,-0.010466104716987723,-0.0010466104716987724
2021-09-30,NDAQ,"Nasdaq, Inc.",Financials,0.1,0.08711124594925024,0.008711124594925025
2021-09-30,GOOG,Alphabet Inc. (Class C),Communication Services,0.1,0.1093972930251661,0.010939729302516611
2021-09-30,RMD,ResMed|,Health Care,0.1,0.0034150914565524992,0.00034150914565524995
2021-09-30,ANET,Arista Networks,Information Technology,0.1,0.18428981615149453,0.018428981615149453
2021-09-30,GOOGL,Alphabet Inc. (Class A),Communication Services,0.1,0.10114324114576756,0.010114324114576757
2021-09-30,ORCL,Oracle Corporation,Information Technology,0.1,0.09769788308075356,0.009769788308075357
2021-09-30,REGN,Regeneron Pharmaceuticals,Health Care,0.1,0.10966616483848268,0.010966616483848269
2021-09-30,FTNT,Fortinet,Information Technology,0.1,0.1551326785405236,0.01551326785405236
2021-09-30,SPG,Simon Property Group,Real Estate,0.1,0.1204775193666332,0.01204775193666332
2021-09-30,NVDA,Nvidia,Information Technology,0.1,0.23609647499741238,0.02360964749974124
2021-10-29,AVGO,Broadcom,Information Technology,0.1,0.062488298469145054,0.0062488298469145056
2021-10-29,SPG,Simon Property Group,Real Estate,0.1,0.06207175417260924,0.006207175417260924
2021-10-29,ANET,Arista Networks,Information Technology,0.1,0.22991826699468332,0.022991826699468334
2021-10-29,TSCO,Tractor Supply,Consumer Discretionary,0.1,0.037798927547954886,0.0037798927547954887
2021-10-29,FTNT,Fortinet,Information Technology,0.1,0.0037461929866684507,0.0003746192986668451
2021-10-29,KLAC,KLA Corporation,Information Technology,0.1,0.11610980322598086,0.011610980322598087
2021-10-29,NVDA,Nvidia,Information Technology,0.1,0.2952964804269591,0.02952964804269591
2021-10-29,F,Ford Motor Company,Consumer Discretionary,0.1,0.1273623400452979,0.01273623400452979
2021-10-29,WSM,"Williams-Sonoma, Inc.",Consumer Discretionary,0.1,0.05356085771019359,0.0053560857710193595
2021-10-29,DECK,Deckers Brands,Consumer Discretionary,0.1,0.03742288809212502,0.003742288809212502
2021-11-30,AVGO,Broadcom,Information Technology,0.1,0.1900731625916514,0.019007316259165144
2021-11-30,TSCO,Tractor Supply,Consumer Discretionary,0.1,0.054132753193044,0.005413275319304401
2021-11-30,SPG,Simon Property Group,Real Estate,0.1,0.035893993380760936,0.0035893993380760937
2021-11-30,KLAC,KLA Corporation,Information Technology,0.1,0.038266029365530585,0.0038266029365530588
2021-11-30,FTNT,Fortinet,Information Technology,0.1,0.07263043841563044,0.007263043841563044
2021-11-30,WSM,"Williams-Sonoma, Inc.",Consumer Discretionary,0.1,-0.134073650829859,-0.0134073650829859
2021-11-30,TER,Teradyne,Information Technology,0.1,0.05842370152944043,0.005842370152944043
2021-11-30,DECK,Deckers Brands,Consumer Discretionary,0.1,-0.10490390008460615,-0.010490390008460616
2021-11-30,ANET,Arista Networks,Information Technology,0.1,0.14693942122147452,0.014693942122147453
2021-11-30,NVDA,Nvidia,Information Technology,0.1,-0.10247131586183977,-0.010247131586183978
2021-12-31,EXR,Extra Space Storage,Real Estate,0.1,-0.12396482004428189,-0.012396482004428189
2021-12-31,WY,Weyerhaeuser,Real Estate,0.1,-0.02002392656201235,-0.0020023926562012353
2021-12-31,AVGO,Broadcom,Information Technology,0.1,-0.12073779763144366,-0.012073779763144367
2021-12-31,SPG,Simon Property Group,Real Estate,0.1,-0.08275159110922847,-0.008275159110922848
2021-12-31,LRCX,Lam Research,Information Technology,0.1,-0.18183988035998788,-0.01818398803599879
2021-12-31,KLAC,KLA Corporation,Information Technology,0.1,-0.0958387304607069,-0.00958387304607069
2021-12-31,TER,Teradyne,Information Technology,0.1,-0.2821789872577001,-0.02821789872577001
2021-12-31,FTNT,Fortinet,Information Technology,0.1,-0.17751024754763078,-0.01775102475476308
2021-12-31,ANET,Arista Networks,Information Technology,0.1,-0.13789989327636887,-0.013789989327636887
2021-12-31,NVDA,Nvidia,Information Technology,0.1,-0.15800776916399173,-0.015800776916399174
2022-01-31,MO,Altria,Consumer Staples,0.1,0.005689473291810021,0.0005689473291810021
2022-01-31,TSN,Tyson Foods,Consumer Staples,0.1,0.02507416475234736,0.0025074164752347363
2022-01-31,ADM,Archer Daniels Midland,Consumer Staples,0.1,0.051164632533008625,0.005116463253300863
2022-01-31,WY,Weyerhaeuser,Real Estate,0.1,-0.008235959750580668,-0.0008235959750580668
2022-01-31,HPQ,HP Inc.,Information Technology,0.1,-0.07189368758196446,-0.007189368758196446
2022-01-31,AVGO,Broadcom,Information Technology,0.1,-0.0018434436221185235,-0.00018434436221185236
2022-01-31,EOG,EOG Resources,Energy,0.1,0.05282245039305322,0.0052822450393053225
2022-01-31,KLAC,KLA Corporation,Information Technology,0.1,-0.10852115041886179,-0.01085211504188618
2022-01-31,ANET,Arista Networks,Information Technology,0.1,-0.017147036402198168,-0.001714703640219817
2022-01-31,NVDA,Nvidia,Information Technology,0.1,-0.03238525761319344,-0.0032385257613193443
2022-02-28,FE,FirstEnergy,Utilities,0.1,0.09342893595285573,0.009342893595285574
2022-02-28,ADM,Archer Daniels Midland,Consumer Staples,0.1,0.1529957166998419,0.015299571669984191
2022-02-28,PM,Philip Morris International,Consumer Staples,0.1,-0.04774290366240774,-0.004774290366240774
2022-02-28,TSN,Tyson Foods,Consumer Staples,0.1,-0.02923089288354297,-0.0029230892883542973
2022-02-28,EOG,EOG Resources,Energy,0.1,0.037164736900269,0.0037164736900269003
2022-02-28,COP,ConocoPhillips,Energy,0.1,0.047983735304721664,0.004798373530472167
2022-02-28,EXE,Expand Energy,Energy,0.1,0.16137799730498514,0.016137799730498514
2022-02-28,FANG,Diamondback Energy,Energy,0.1,-0.013496826617548474,-0.0013496826617548476
2022-02-28,DVN,Devon Energy,Energy,0.1,0.006110568213549827,0.0006110568213549827
2022-02-28,NUE,Nucor,Materials,0.1,0.14134158667392005,0.014134158667392005
2022-03-31,FE,FirstEnergy,Utilities,0.1,-0.04916941696575583,-0.004916941696575583
2022-03-31,REGN,Regeneron Pharmaceuticals,Health Care,0.1,-0.06390541619371093,-0.006390541619371093
2022-03-31,ADM,Archer Daniels Midland,Consumer Staples,0.1,-0.00496382321537181,-0.000496382321537181
2022-03-31,COP,ConocoPhillips,Energy,0.1,-0.058711922989351906,-0.005871192298935191
2022-03-31,EOG,EOG Resources,Energy,0.1,-0.030632442306042895,-0.0030632442306042897
2022-03-31,EXE,Expand Energy,Energy,0.1,-0.08027731719489362,-0.008027731719489362
2022-03-31,FANG,Diamondback Energy,Energy,0.1,-0.09607822099513152,-0.009607822099513153
2022-03-31,FCX,Freeport-McMoRan,Materials,0.1,-0.196768323247549,-0.019676832324754902
2022-03-31,NUE,Nucor,Materials,0.1,0.02128800878963788,0.002128800878963788
2022-03-31,DVN,Devon Energy,Energy,0.1,-0.03233957076092653,-0.003233957076092653
2022-04-29,REGN,Regeneron Pharmaceuticals,Health Care,0.1,0.01908767532346456,0.001908767532346456
2022-04-29,ABBV,AbbVie,Health Care,0.1,0.0077735008718209375,0.0007773500871820938
2022-04-29,ADM,Archer Daniels Midland,Consumer Staples,0.1,0.012182078192516377,0.0012182078192516377
2022-04-29,EOG,EOG Resources,Energy,0.1,0.2167404271823361,0.021674042718233612
2022-04-29,EXE,Expand Energy,Energy,0.1,0.2537837983564559,0.025378379835645594
2022-04-29,NUE,Nucor,Materials,0.1,-0.1380762504597005,-0.013807625045970051
2022-04-29,TPL,Texas Pacific Land Corporation,Energy,0.1,0.1494655225309307,0.014946552253093071
2022-04-29,BKR,Baker Hughes,Energy,0.1,0.1941482139388715,0.01941482139388715
2022-04-29,CF,CF Industries,Materials,0.1,0.03192210815850682,0.0031922108158506826
2022-04-29,DVN,Devon Energy,Energy,0.1,0.32915579247529725,0.032915579247529726
2022-05-31,CNP,CenterPoint Energy,Utilities,0.1,-0.07847399096070651,-0.007847399096070651
2022-05-31,REGN,Regeneron Pharmaceuticals,Health Care,0.1,-0.12210414930110758,-0.012210414930110759
2022-05-31,MPC,Marathon Petroleum,Energy,0.1,-0.19307805587992033,-0.019307805587992034
2022-05-31,NRG,NRG Energy,Utilities,0.1,-0.16608696354068275,-0.016608696354068277
2022-05-31,COP,ConocoPhillips,Energy,0.1,-0.18989731241673113,-0.018989731241673115
2022-05-31,TPL,Texas Pacific Land Corporation,Energy,0.1,-0.023602413658932786,-0.0023602413658932787
2022-05-31,EXE,Expand Energy,Energy,0.1,-0.17426484226035577,-0.017426484226035578
2022-05-31,NUE,Nucor,Materials,0.1,-0.21348125380321148,-0.02134812538032115
2022-05-31,BKR,Baker Hughes,Energy,0.1,-0.20312110500922753,-0.020312110500922756
2022-05-31,CF,CF Industries,Materials,0.1,-0.14242376134257106,-0.014242376134257106
2022-06-30,CNP,CenterPoint Energy,Utilities,0.1,0.06529781948412672,0.006529781948412672
2022-06-30,PM,Philip Morris International,Consumer Staples,0.1,-0.012164099278869744,-0.0012164099278869746
2022-06-30,ABBV,AbbVie,Health Care,0.1,-0.06693454952274402,-0.006693454952274403
2022-06-30,MPC,Marathon Petroleum,Energy,0.1,0.08457840910853776,0.008457840910853776
2022-06-30,TPL,Texas Pacific Land Corporation,Energy,0.1,0.21057644071917458,0.02105764407191746
2022-06-30,COP,ConocoPhillips,Energy,0.1,0.036767564261536156,0.0036767564261536156
2022-06-30,EXE,Expand Energy,Energy,0.1,0.12853492100605046,0.012853492100605046
2022-06-30,EOG,EOG Resources,Energy,0.1,-0.018246607959709227,-0.0018246607959709227
2022-06-30,VLO,Valero Energy,Energy,0.1,0.011503953361691188,0.0011503953361691188
2022-06-30,DVN,Devon Energy,Energy,0.1,0.11455878842810674,0.011455878842810675
2022-07-29,ATO,Atmos Energy,Utilities,0.1,-0.0568099963039419,-0.005680999630394191
2022-07-29,CNP,CenterPoint Energy,Utilities,0.1,-0.0024293556760115464,-0.00024293556760115467
2022-07-29,NI,NiSource,Utilities,0.1,-0.029305233733195823,-0.0029305233733195827
2022-07-29,VRTX,Vertex Pharmaceuticals,Health Care,0.1,0.006647790466984604,0.0006647790466984605
2022-07-29,TPL,Texas Pacific Land Corporation,Energy,0.1,-0.01672361772850328,-0.0016723617728503283
2022-07-29,MPC,Marathon Petroleum,Energy,0.1,0.10567289905680455,0.010567289905680455
2022-07-29,VLO,Valero Energy,Energy,0.1,0.0667592510960362,0.0066759251096036205
2022-07-29,COP,ConocoPhillips,Energy,0.1,0.13592126482514022,0.013592126482514023
2022-07-29,EXE,Expand Energy,Energy,0.1,0.09804639652047253,0.009804639652047253
2022-07-29,DVN,Devon Energy,Energy,0.1,0.10909681329249254,0.010909681329249256
2022-08-31,GIS,General Mills,Consumer Staples,0.1,0.007452279869805345,0.0007452279869805345
2022-08-31,SO,Southern Company,Utilities,0.1,-0.10330116130578393,-0.010330116130578394
2022-08-31,CNP,CenterPoint Energy,Utilities,0.1,-0.08375803346628152,-0.008375803346628153
2022-08-31,ADM,Archer Daniels Midland,Consumer Staples,0.1,-0.06611578968679799,-0.0066115789686797995
2022-08-31,MPC,Marathon Petroleum,Energy,0.1,0.03517620025191426,0.003517620025191426
2022-08-31,TPL,Texas Pacific Land Corporation,Energy,0.1,0.01954769179045468,0.001954769179045468
2022-08-31,COP,ConocoPhillips,Energy,0.1,0.006379853540395608,0.0006379853540395609
2022-08-31,CF,CF Industries,Materials,0.1,-0.0119305051734645,-0.0011930505173464502
2022-08-31,VLO,Valero Energy,Energy,0.1,-0.045967132671261735,-0.004596713267126173
2022-08-31,EXE,Expand Energy,Energy,0.1,-0.02834581379108192,-0.002834581379108192
2022-09-30,ORLY,O'Reilly Automotive,Consumer Discretionary,0.1,0.1834335085733778,0.018343350857337782
2022-09-30,VRTX,Vertex Pharmaceuticals,Health Care,0.1,0.06377042501529195,0.006377042501529196
2022-09-30,MPC,Marathon Petroleum,Energy,0.1,0.11161026044736566,0.011161026044736566
2022-09-30,COP,ConocoPhillips,Energy,0.1,0.20396527312798773,0.020396527312798774
2022-09-30,VLO,Valero Energy,Energy,0.1,0.15454562759942037,0.015454562759942038
2022-09-30,TPL,Texas Pacific Land Corporation,Energy,0.1,0.2849227984052256,0.028492279840522564
2022-09-30,REGN,Regeneron Pharmaceuticals,Health Care,0.1,0.06324163074832256,0.0063241630748322565
2022-09-30,EXE,Expand Energy,Energy,0.1,0.07699556091217752,0.007699556091217752
2022-09-30,EOG,EOG Resources,Energy,0.1,0.1923630777196823,0.019236307771968233
2022-09-30,DVN,Devon Energy,Energy,0.1,0.24312798303818406,0.024312798303818408
2022-10-31,ERIE,Erie Indemnity,Financials,0.1,0.1009124069040388,0.010091240690403881
2022-10-31,EME,Emcor,Industrials,0.1,0.09867221657441183,0.009867221657441184
2022-10-31,MPC,Marathon Petroleum,Energy,0.1,0.08457750879215231,0.008457750879215232
2022-10-31,GILD,Gilead Sciences,Health Care,0.1,0.12701237013864253,0.012701237013864254
2022-10-31,COP,ConocoPhillips,Energy,0.1,-0.02791328731964049,-0.0027913287319640493
2022-10-31,FANG,Diamondback Energy,Energy,0.1,-0.054709630713684065,-0.0054709630713684065
2022-10-31,VLO,Valero Energy,Energy,0.1,0.06917864615057434,0.006917864615057435
2022-10-31,REGN,Regeneron Pharmaceuticals,Health Care,0.1,0.008253313290707665,0.0008253313290707665
2022-10-31,TPL,Texas Pacific Land Corporation,Energy,0.1,0.10669707510714144,0.010669707510714145
2022-10-31,DVN,Devon Energy,Energy,0.1,-0.11615215328813144,-0.011615215328813145
2022-11-30,ABBV,AbbVie,Health Care,0.1,0.0064596475953060395,0.000645964759530604
2022-11-30,EME,Emcor,Industrials,0.1,-0.04300851764141389,-0.0043008517641413896
2022-11-30,GILD,Gilead Sciences,Health Care,0.1,-0.027373891538142958,-0.002737389153814296
2022-11-30,PFG,Principal Financial Group,Financials,0.1,-0.0686493297956241,-0.006864932979562411
2022-11-30,MPC,Marathon Petroleum,Energy,0.1,-0.05745724460277768,-0.005745724460277768
2022-11-30,URI,United Rentals,Industrials,0.1,0.010452162162239098,0.00104521621622391
2022-11-30,REGN,Regeneron Pharmaceuticals,Health Care,0.1,-0.04539863543520695,-0.0045398635435206945
2022-11-30,COP,ConocoPhillips,Energy,0.1,-0.0592188795400137,-0.005921887954001371
2022-11-30,TPL,Texas Pacific Land Corporation,Energy,0.1,-0.1077500253154936,-0.01077500253154936
2022-11-30,NUE,Nucor,Materials,0.1,-0.11779677041716696,-0.011779677041716697
2022-12-30,AIG,American International Group,Financials,0.1,-0.014184528365012605,-0.0014184528365012606
2022-12-30,EME,Emcor,Industrials,0.1,-0.004659709428904257,-0.00046597094289042574
2022-12-30,GILD,Gilead Sciences,Health Care,0.1,-0.012576306251824265,-0.0012576306251824267
2022-12-30,DD,DuPont,Industrials,0.1,0.06502550321275158,0.0065025503212751586
2022-12-30,MPC,Marathon Petroleum,Energy,0.1,0.11413748427485104,0.011413748427485104
2022-12-30,PSX,Phillips 66,Energy,0.1,-0.03481592851840698,-0.003481592851840698
2022-12-30,URI,United Rentals,Industrials,0.1,0.22734112048174948,0.02273411204817495
2022-12-30,COP,ConocoPhillips,Energy,0.1,0.035604177070415854,0.0035604177070415856
2022-12-30,TPL,Texas Pacific Land Corporation,Energy,0.1,-0.15480442921693138,-0.015480442921693139
2022-12-30,VLO,Valero Energy,Energy,0.1,0.12031819253264153,0.012031819253264154
2023-01-31,AIG,American International Group,Financials,0.1,-0.022222114911321866,-0.0022222114911321865
2023-01-31,WTW,Willis Towers Watson,Financials,0.1,-0.07421979961646585,-0.007421979961646586
2023-01-31,PFG,Principal Financial Group,Financials,0.1,-0.042530424304026315,-0.004253042430402631
2023-01-31,MPC,Marathon Petroleum,Energy,0.1,-0.03457314522616639,-0.003457314522616639
2023-01-31,COP,ConocoPhillips,Energy,0.1,-0.13684179008357822,-0.013684179008357823
2023-01-31,VLO,Valero Energy,Energy,0.1,-0.052616906814650144,-0.005261690681465015
2023-01-31,NUE,Nucor,Materials,0.1,0.01609524677285945,0.0016095246772859452
2023-01-31,URI,United Rentals,Industrials,0.1,0.06817203841236608,0.006817203841236608
2023-01-31,FCX,Freeport-McMoRan,Materials,0.1,-0.03772292255893739,-0.003772292255893739
2023-01-31,TPL,Texas Pacific Land Corporation,Energy,0.1,-0.08129701413062984,-0.008129701413062984
2023-02-28,V,Visa Inc.,Financials,0.1,0.0262918646207162,0.00262918646207162
2023-02-28,PFG,Principal Financial Group,Financials,0.1,-0.1540496612480723,-0.01540496612480723
2023-02-28,CPRT,Copart,Industrials,0.1,0.06196703485687727,0.0061967034856877275
2023-02-28,DD,DuPont,Industrials,0.1,-0.012614594419823932,-0.0012614594419823933
2023-02-28,PCAR,Paccar,Industrials,0.1,0.01806323371972951,0.001806323371972951
2023-02-28,AVGO,Broadcom,Information Technology,0.1,0.08350014408830542,0.008350014408830542
2023-02-28,BLDR,Builders FirstSource,Industrials,0.1,0.042715899153018766,0.004271589915301877
2023-02-28,URI,United Rentals,Industrials,0.1,-0.15564164996279461,-0.015564164996279462
2023-02-28,NUE,Nucor,Materials,0.1,-0.09560317514358074,-0.009560317514358076
2023-02-28,ODFL,Old Dominion,Industrials,0.1,-0.002650032790653567,-0.0002650032790653567
2023-03-31,CPRT,Copart,Industrials,0.1,0.046841540990636865,0.004684154099063686
2023-03-31,AVGO,Broadcom,Information Technology,0.1,-0.019561607765945066,-0.0019561607765945068
2023-03-31,BLDR,Builders FirstSource,Industrials,0.1,0.05834553812587773,0.005834553812587773
2023-03-31,MCHP,Microchip Technology,Information Technology,0.1,-0.1214842970675486,-0.01214842970675486
2023-03-31,ANET,Arista Networks,Information Technology,0.1,-0.030787751479867675,-0.0030787751479867675
2023-03-31,KLAC,KLA Corporation,Information Technology,0.1,-0.028749556257870346,-0.002874955625787035
2023-03-31,LRCX,Lam Research,Information Technology,0.1,-0.0004197092248702239,-4.197092248702239e-05
2023-03-31,NUE,Nucor,Materials,0.1,-0.030462887200178757,-0.003046288720017876
2023-03-31,AMAT,Applied Materials,Information Technology,0.1,-0.0684863344861566,-0.00684863344861566
2023-03-31,URI,United Rentals,Industrials,0.1,-0.08541314987939397,-0.008541314987939396
2023-04-28,CPRT,Copart,Industrials,0.1,0.12400916385660721,0.012400916385660722
2023-04-28,AVGO,Broadcom,Information Technology,0.1,0.27792485035486214,0.027792485035486217
2023-04-28,NVR,"NVR, Inc.",Consumer Discretionary,0.1,-0.05047048759623607,-0.005047048759623607
2023-04-28,GE,GE Aerospace,Industrials,0.1,0.01728828899299728,0.0017288288992997282
2023-04-28,SNA,Snap-on,Industrials,0.1,-0.030576431034798457,-0.003057643103479846
2023-04-28,ANET,Arista Networks,Information Technology,0.1,0.032700092807270265,0.0032700092807270266
2023-04-28,BLDR,Builders FirstSource,Industrials,0.1,0.2332054066032907,0.02332054066032907
2023-04-28,KLAC,KLA Corporation,Information Technology,0.1,0.1583799360439504,0.01583799360439504
2023-04-28,LRCX,Lam Research,Information Technology,0.1,0.17720041307199552,0.017720041307199553
2023-04-28,META,Meta Platforms,Communication Services,0.1,0.11432408427829888,0.011432408427829888
2023-05-31,NVR,"NVR, Inc.",Consumer Discretionary,0.1,0.13873873873873865,0.013873873873873866
2023-05-31,CPRT,Copart,Industrials,0.1,0.0357142795159604,0.00357142795159604
2023-05-31,DECK,Deckers Brands,Consumer Discretionary,0.1,0.12116785744316694,0.012116785744316695
2023-05-31,CMG,Chipotle Mexican Grill,Consumer Discretionary,0.1,0.03880699454123149,0.003880699454123149
2023-05-31,AVGO,Broadcom,Information Technology,0.1,0.0907142396302365,0.00907142396302365
2023-05-31,AMAT,Applied Materials,Information Technology,0.1,0.07694625012886758,0.007694625012886758
2023-05-31,LRCX,Lam Research,Information Technology,0.1,0.04529282610785712,0.004529282610785712
2023-05-31,NFLX,Netflix,Communication Services,0.1,0.10656502076001173,0.010656502076001174
2023-05-31,KLAC,KLA Corporation,Information Technology,0.1,0.08899878887292667,0.008899878887292668
2023-05-31,ANET,Arista Networks,Information Technology,0.1,-0.02689991937138203,-0.002689991937138203
2023-06-30,NVR,"NVR, Inc.",Consumer Discretionary,0.1,-0.0015822784810126667,-0.00015822784810126667
2023-06-30,CPRT,Copart,Industrials,0.1,-0.03107834699687051,-0.003107834699687051
2023-06-30,DECK,Deckers Brands,Consumer Discretionary,0.1,0.020919084361970874,0.0020919084361970875
2023-06-30,CMG,Chipotle Mexican Grill,Consumer Discretionary,0.1,-0.08800746024922035,-0.008800746024922035
2023-06-30,AMAT,Applied Materials,Information Technology,0.1,0.047910004507820014,0.004791000450782002
2023-06-30,LRCX,Lam Research,Information Technology,0.1,0.10265054901855275,0.010265054901855275
2023-06-30,AVGO,Broadcom,Information Technology,0.1,0.03495210885670552,0.0034952108856705524
2023-06-30,KLAC,KLA Corporation,Information Technology,0.1,0.059644424159995824,0.005964442415999582
2023-06-30,ON,ON Semiconductor,Information Technology,0.1,0.12853555824574436,0.012853555824574437
2023-06-30,ANET,Arista Networks,Information Technology,0.1,0.10016117533724156,0.010016117533724157
2023-07-31,NVR,"NVR, Inc.",Consumer Discretionary,0.1,0.017781330477416812,0.0017781330477416814
2023-07-31,CPRT,Copart,Industrials,0.1,0.024821429544234608,0.002482142954423461
2023-07-31,DECK,Deckers Brands,Consumer Discretionary,0.1,-0.011142997579804859,-0.001114299757980486
2023-07-31,PHM,PulteGroup,Consumer Discretionary,0.1,-0.021881183716675467,-0.0021881183716675467
2023-07-31,AMAT,Applied Materials,Information Technology,0.1,0.025941817824351343,0.0025941817824351346
2023-07-31,NXPI,NXP Semiconductors,Information Technology,0.1,-0.06318593537470485,-0.006318593537470486
2023-07-31,LRCX,Lam Research,Information Technology,0.1,0.000606506784837757,6.0650678483775704e-05
2023-07-31,AVGO,Broadcom,Information Technology,0.1,0.0032144885898834907,0.0003214488589883491
2023-07-31,KLAC,KLA Corporation,Information Technology,0.1,-0.017548742720337684,-0.0017548742720337686
2023-07-31,ABNB,Airbnb,Consumer Discretionary,0.1,-0.10640287854892805,-0.010640287854892806
2023-08-31,NVR,"NVR, Inc.",Consumer Discretionary,0.1,-0.07897607983050736,-0.007897607983050737
2023-08-31,GE,GE Aerospace,Industrials,0.1,-0.03904138622548636,-0.0039041386225486365
2023-08-31,DECK,Deckers Brands,Consumer Discretionary,0.1,-0.038971907809410955,-0.0038971907809410957
2023-08-31,AVGO,Broadcom,Information Technology,0.1,-0.07572556363477767,-0.007572556363477767
2023-08-31,PHM,PulteGroup,Consumer Discretionary,0.1,-0.10529068353636983,-0.010529068353636983
2023-08-31,KLAC,KLA Corporation,Information Technology,0.1,-0.08832749819312913,-0.008832749819312914
2023-08-31,LRCX,Lam Research,Information Technology,0.1,-0.1129793930450953,-0.01129793930450953
2023-08-31,AMAT,Applied Materials,Information Technology,0.1,-0.1012300059115745,-0.01012300059115745
2023-08-31,BLDR,Builders FirstSource,Industrials,0.1,-0.15574495252971277,-0.015574495252971277
2023-08-31,ANET,Arista Networks,Information Technology,0.1,-0.06704416315439865,-0.006704416315439866
2023-09-29,PSX,Phillips 66,Energy,0.1,-0.04363395690444882,-0.004363395690444883
2023-09-29,COP,ConocoPhillips,Energy,0.1,-0.006320624287949439,-0.000632062428794944
2023-09-29,MPC,Marathon Petroleum,Energy,0.1,0.009069313681700164,0.0009069313681700164
2023-09-29,DECK,Deckers Brands,Consumer Discretionary,0.1,0.16661140144546716,0.016661140144546716
2023-09-29,VLO,Valero Energy,Energy,0.1,-0.09773480918002686,-0.009773480918002687
2023-09-29,META,Meta Platforms,Communication Services,0.1,-0.00293988370182241,-0.000293988370182241
2023-09-29,AVGO,Broadcom,Information Technology,0.1,0.015608140001272197,0.0015608140001272198
2023-09-29,LRCX,Lam Research,Information Technology,0.1,-0.054810664735225334,-0.005481066473522533
2023-09-29,TPL,Texas Pacific Land Corporation,Energy,0.1,0.023606849325557233,0.0023606849325557237
2023-09-29,NVDA,Nvidia,Information Technology,0.1,-0.07145148154360337,-0.0071451481543603375
2023-10-31,MPC,Marathon Petroleum,Energy,0.1,-0.018571510659457946,-0.0018571510659457946
2023-10-31,META,Meta Platforms,Communication Services,0.1,0.07828359155445197,0.007828359155445197
2023-10-31,KLAC,KLA Corporation,Information Technology,0.1,0.15339130223760278,0.015339130223760279
2023-10-31,LRCX,Lam Research,Information Technology,0.1,0.20107270471583938,0.02010727047158394
2023-10-31,VLO,Valero Energy,Energy,0.1,-0.014433816013561196,-0.0014433816013561197
2023-10-31,AVGO,Broadcom,Information Technology,0.1,0.09555826701139813,0.009555826701139815
2023-10-31,TPL,Texas Pacific Land Corporation,Energy,0.1,-0.10505128845616396,-0.010505128845616397
2023-10-31,ANET,Arista Networks,Information Technology,0.1,0.07923915838673246,0.007923915838673246
2023-10-31,NVDA,Nvidia,Information Technology,0.1,0.13797613982348578,0.013797613982348578
2023-10-31,NFLX,Netflix,Communication Services,0.1,0.14080092545286949,0.01408009254528695
2023-11-30,AFL,Aflac,Financials,0.1,0.0035254917006555253,0.00035254917006555253
2023-11-30,V,Visa Inc.,Financials,0.1,0.014933967944608773,0.0014933967944608774
2023-11-30,WRB,W. R. Berkley Corporation,Financials,0.1,-0.012563147738301028,-0.001256314773830103
2023-11-30,ERIE,Erie Indemnity,Financials,0.1,0.12602016474533695,0.012602016474533696
2023-11-30,KLAC,KLA Corporation,Information Technology,0.1,0.05516895412256262,0.005516895412256262
2023-11-30,LRCX,Lam Research,Information Technology,0.1,0.08252694430700735,0.008252694430700735
2023-11-30,AVGO,Broadcom,Information Technology,0.1,0.1893649423899466,0.018936494238994662
2023-11-30,NVDA,Nvidia,Information Technology,0.1,0.05853468849360666,0.005853468849360666
2023-11-30,ANET,Arista Networks,Information Technology,0.1,0.06844439006958725,0.006844439006958725
2023-11-30,DECK,Deckers Brands,Consumer Discretionary,0.1,0.00045146086232472626,4.514608623247263e-05
2023-12-29,SPG,Simon Property Group,Real Estate,0.1,-0.02577828152493955,-0.0025778281524939553
2023-12-29,ERIE,Erie Indemnity,Financials,0.1,0.03749618118992015,0.0037496181189920156
2023-12-29,LRCX,Lam Research,Information Technology,0.1,0.08208159942824689,0.00820815994282469
2023-12-29,AVGO,Broadcom,Information Technology,0.1,0.08719750043876928,0.008719750043876928
2023-12-29,NVDA,Nvidia,Information Technology,0.1,0.26106733953140826,0.026106733953140827
2023-12-29,ANET,Arista Networks,Information Technology,0.1,0.11965811965811968,0.011965811965811968
2023-12-29,URI,United Rentals,Industrials,0.1,0.11798279570345138,0.01179827957034514
2023-12-29,DECK,Deckers Brands,Consumer Discretionary,0.1,0.1427539629589083,0.01427539629589083
2023-12-29,BLDR,Builders FirstSource,Industrials,0.1,0.075547722290217,0.0075547722290217004
2023-12-29,HOOD,Robinhood Markets,Financials,0.1,-0.15306121226829417,-0.015306121226829417
2024-01-31,ERIE,Erie Indemnity,Financials,0.1,0.1869161599761069,0.01869161599761069
2024-01-31,NOW,ServiceNow,Information Technology,0.1,0.003783697345479675,0.0003783697345479675
2024-01-31,NVDA,Nvidia,Information Technology,0.1,0.2882448851298238,0.028824488512982385
2024-01-31,LRCX,Lam Research,Information Technology,0.1,0.13602198694157064,0.013602198694157065
2024-01-31,NFLX,Netflix,Communication Services,0.1,0.057828636521215726,0.005782863652121573
2024-01-31,AVGO,Broadcom,Information Technology,0.1,0.11671364152650177,0.011671364152650177
2024-01-31,KLAC,KLA Corporation,Information Technology,0.1,0.15202551185911828,0.01520255118591183
2024-01-31,ANET,Arista Networks,Information Technology,0.1,0.07480918360120459,0.007480918360120459
2024-01-31,BLDR,Builders FirstSource,Industrials,0.1,0.10678018339982276,0.010678018339982276
2024-01-31,SMCI,Supermicro,Information Technology,0.1,0.63311117666739,0.06331111766673901
2024-02-29,SYF,Synchrony Financial,Financials,0.1,0.04119199304812193,0.004119199304812193
2024-02-29,ERIE,Erie Indemnity,Financials,0.1,-0.010175010492911807,-0.0010175010492911808
2024-02-29,ANET,Arista Networks,Information Technology,0.1,0.03792610953231046,0.0037926109532310463
2024-02-29,LRCX,Lam Research,Information Technology,0.1,0.03081720839157054,0.003081720839157054
2024-02-29,AVGO,Broadcom,Information Technology,0.1,0.0040693686998203304,0.0004069368699820331
2024-02-29,KLAC,KLA Corporation,Information Technology,0.1,0.01702790226781148,0.001702790226781148
2024-02-29,DECK,Deckers Brands,Consumer Discretionary,0.1,0.05901547633614723,0.005901547633614723
2024-02-29,URI,United Rentals,Industrials,0.1,0.03988760693065263,0.003988760693065263
2024-02-29,NVDA,Nvidia,Information Technology,0.1,0.12879042887744063,0.012879042887744064
2024-02-29,META,Meta Platforms,Communication Services,0.1,-0.009977272454695374,-0.0009977272454695374
2024-03-28,WRB,W. R. Berkley Corporation,Financials,0.1,-0.12819939657636048,-0.012819939657636049
2024-03-28,SYF,Synchrony Financial,Financials,0.1,0.01652329888362125,0.0016523298883621253
2024-03-28,ERIE,Erie Indemnity,Financials,0.1,-0.05351305253074101,-0.005351305253074101
2024-03-28,LRCX,Lam Research,Information Technology,0.1,-0.09150960685706144,-0.009150960685706144
2024-03-28,KLAC,KLA Corporation,Information Technology,0.1,-0.027900093617421295,-0.0027900093617421297
2024-03-28,ANET,Arista Networks,Information Technology,0.1,-0.12912277833168417,-0.012912277833168418
2024-03-28,URI,United Rentals,Industrials,0.1,-0.0786288558498699,-0.00786288558498699
2024-03-28,AVGO,Broadcom,Information Technology,0.1,-0.03571736996059993,-0.0035717369960599934
2024-03-28,NTAP,NetApp,Information Technology,0.1,-0.027611941004304974,-0.0027611941004304975
2024-03-28,NVDA,Nvidia,Information Technology,0.1,-0.05783025705025846,-0.0057830257050258465
2024-04-30,WFC,Wells Fargo,Financials,0.1,0.016214970790188854,0.0016214970790188856
2024-04-30,SYF,Synchrony Financial,Financials,0.1,0.010620026149088524,0.0010620026149088524
2024-04-30,DAL,Delta Air Lines,Industrials,0.1,0.03013598251605676,0.003013598251605676
2024-04-30,ERIE,Erie Indemnity,Financials,0.1,-0.046811625984222616,-0.004681162598422261
2024-04-30,EME,Emcor,Industrials,0.1,0.08686591298710633,0.008686591298710633
2024-04-30,URI,United Rentals,Industrials,0.1,0.018368140178277592,0.0018368140178277592
2024-04-30,LRCX,Lam Research,Information Technology,0.1,0.07234906424463783,0.007234906424463783
2024-04-30,DECK,Deckers Brands,Consumer Discretionary,0.1,0.33693081802950453,0.033693081802950456
2024-04-30,VST,Vistra Corp.,Utilities,0.1,0.31980988475683425,0.031980988475683425
2024-04-30,NVDA,Nvidia,Information Technology,0.1,0.3355080601313303,0.03355080601313303
2024-05-31,PEG,Public Service Enterprise Group,Utilities,0.1,-0.007494965438233248,-0.0007494965438233248
2024-05-31,ACGL,Arch Capital Group,Financials,0.1,-0.005170687534367002,-0.0005170687534367003
2024-05-31,NEE,NextEra Energy,Utilities,0.1,-0.10113211507229147,-0.010113211507229148
2024-05-31,SYF,Synchrony Financial,Financials,0.1,0.08018209206174598,0.008018209206174598
2024-05-31,VLO,Valero Energy,Energy,0.1,0.008277642057672896,0.0008277642057672896
2024-05-31,NFLX,Netflix,Communication Services,0.1,0.0459842393805483,0.00459842393805483
2024-05-31,META,Meta Platforms,Communication Services,0.1,0.07346425496447728,0.007346425496447729
2024-05-31,FCX,Freeport-McMoRan,Materials,0.1,-0.07582331806349674,-0.007582331806349674
2024-05-31,ANET,Arista Networks,Information Technology,0.1,0.1807922725101938,0.018079227251019382
2024-05-31,VST,Vistra Corp.,Utilities,0.1,-0.10913409962067266,-0.010913409962067267
2024-06-28,ACGL,Arch Capital Group,Financials,0.1,-0.056781430617372286,-0.005678143061737229
2024-06-28,NFLX,Netflix,Communication Services,0.1,-0.06762582470242207,-0.006762582470242207
2024-06-28,META,Meta Platforms,Communication Services,0.1,0.031785275971710325,0.0031785275971710327
2024-06-28,LRCX,Lam Research,Information Technology,0.1,-0.19534763292782897,-0.0195347632927829
2024-06-28,SYF,Synchrony Financial,Financials,0.1,0.07212159637181936,0.007212159637181937
2024-06-28,KLAC,KLA Corporation,Information Technology,0.1,-0.002369019533096872,-0.00023690195330968724
2024-06-28,ANET,Arista Networks,Information Technology,0.1,-0.011868826806394894,-0.0011868826806394894
2024-06-28,AVGO,Broadcom,Information Technology,0.1,-0.020644301350131844,-0.0020644301350131846
2024-06-28,CRWD,CrowdStrike,Information Technology,0.1,-0.39784052965360794,-0.0397840529653608
2024-06-28,NVDA,Nvidia,Information Technology,0.1,-0.04810897882778309,-0.004810897882778309
2024-07-31,PEG,Public Service Enterprise Group,Utilities,0.1,0.00899997102935024,0.000899997102935024
2024-07-31,SPG,Simon Property Group,Real Estate,0.1,0.0583188533971275,0.00583188533971275
2024-07-31,ERIE,Erie Indemnity,Financials,0.1,0.15200567949574406,0.015200567949574407
2024-07-31,NEE,NextEra Energy,Utilities,0.1,0.065161564286919,0.0065161564286919
2024-07-31,SYF,Synchrony Financial,Financials,0.1,-0.01616955463145786,-0.0016169554631457863
2024-07-31,EME,Emcor,Industrials,0.1,0.0381810281901549,0.00381810281901549
2024-07-31,URI,United Rentals,Industrials,0.1,-0.035629608390143286,-0.003562960839014329
2024-07-31,ANET,Arista Networks,Information Technology,0.1,0.0016832991095310224,0.00016832991095310225
2024-07-31,NVDA,Nvidia,Information Technology,0.1,-0.012932699402939285,-0.0012932699402939285
2024-07-31,VST,Vistra Corp.,Utilities,0.1,0.06945132692781497,0.006945132692781498
2024-08-30,MO,Altria,Consumer Staples,0.1,-0.031931506801069376,-0.003193150680106938
2024-08-30,AFL,Aflac,Financials,0.1,0.0136029968261695,0.00136029968261695
2024-08-30,CINF,Cincinnati Financial,Financials,0.1,0.0031452407987075937,0.00031452407987075937
2024-08-30,ACGL,Arch Capital Group,Financials,0.1,-0.011495206082424936,-0.0011495206082424937
2024-08-30,PNC,PNC Financial Services,Financials,0.1,-0.0038005756477750285,-0.00038005756477750287
2024-08-30,ERIE,Erie Indemnity,Financials,0.1,0.060545111030192666,0.006054511103019267
2024-08-30,PGR,Progressive Corporation,Financials,0.1,-0.003132328019663455,-0.00031323280196634553
2024-08-30,SPG,Simon Property Group,Real Estate,0.1,0.04317391220957112,0.004317391220957112
2024-08-30,SYF,Synchrony Financial,Financials,0.1,-0.002412604341264557,-0.0002412604341264557
2024-08-30,VST,Vistra Corp.,Utilities,0.1,0.3915362497639838,0.039153624976398384
2024-09-30,ETR,Entergy,Utilities,0.1,0.17019190533005712,0.017019190533005712
2024-09-30,PEG,Public Service Enterprise Group,Utilities,0.1,0.0017926936101377855,0.00017926936101377857
2024-09-30,XEL,Xcel Energy,Utilities,0.1,0.03796699242736801,0.003796699242736801
2024-09-30,MO,Altria,Consumer Staples,0.1,0.06658828169539355,0.006658828169539355
2024-09-30,SPG,Simon Property Group,Real Estate,0.1,-0.011183462395072508,-0.0011183462395072507
2024-09-30,NEE,NextEra Energy,Utilities,0.1,-0.05611699692027927,-0.0056116996920279275
2024-09-30,ERIE,Erie Indemnity,Financials,0.1,-0.1611353383064713,-0.01611353383064713
2024-09-30,URI,United Rentals,Industrials,0.1,0.013434267540566758,0.0013434267540566758
2024-09-30,EME,Emcor,Industrials,0.1,0.06840801472338298,0.006840801472338298
2024-09-30,VST,Vistra Corp.,Utilities,0.1,0.055932162838004285,0.005593216283800429
2024-10-31,CINF,Cincinnati Financial,Financials,0.1,0.13515051698402525,0.013515051698402525
2024-10-31,SPG,Simon Property Group,Real Estate,0.1,0.09604455508201037,0.009604455508201038
2024-10-31,META,Meta Platforms,Communication Services,0.1,0.01742394869543107,0.001742394869543107
2024-10-31,NFLX,Netflix,Communication Services,0.1,0.17788129683506892,0.017788129683506893
2024-10-31,SYF,Synchrony Financial,Financials,0.1,0.23723275748245687,0.02372327574824569
2024-10-31,EME,Emcor,Industrials,0.1,0.11886977812785693,0.011886977812785693
2024-10-31,ETR,Entergy,Utilities,0.1,0.020253882741350537,0.002025388274135054
2024-10-31,ANET,Arista Networks,Information Technology,0.1,0.047762891181543976,0.004776289118154398
2024-10-31,HOOD,Robinhood Markets,Financials,0.1,0.6002108867593472,0.060021088675934725
2024-10-31,VST,Vistra Corp.,Utilities,0.1,0.2969504367880109,0.029695043678801093
2024-11-29,SPG,Simon Property Group,Real Estate,0.1,-0.04731795697140573,-0.004731795697140573
2024-11-29,CINF,Cincinnati Financial,Financials,0.1,-0.09504924700102002,-0.009504924700102002
2024-11-29,PNC,PNC Financial Services,Financials,0.1,-0.10607821284995056,-0.010607821284995057
2024-11-29,NFLX,Netflix,Communication Services,0.1,0.009002756093109632,0.0009002756093109632
2024-11-29,APO,Apollo Global Management,Financials,0.1,-0.05151650685391429,-0.005151650685391429
2024-11-29,CCL,Carnival Corporation,Consumer Discretionary,0.1,-0.021036267708793188,-0.002103626770879319
2024-11-29,ANET,Arista Networks,Information Technology,0.1,0.09720822391720052,0.009720822391720053
2024-11-29,NCLH,Norwegian Cruise Line Holdings,Consumer Discretionary,0.1,-0.04067426064907165,-0.004067426064907165
2024-11-29,SYF,Synchrony Financial,Financials,0.1,-0.033578905447089524,-0.0033578905447089525
2024-11-29,VST,Vistra Corp.,Utilities,0.1,-0.13455254102382297,-0.013455254102382297
2024-12-31,CINF,Cincinnati Financial,Financials,0.1,-0.04746331597570819,-0.004746331597570819
2024-12-31,NFLX,Netflix,Communication Services,0.1,0.08654382731311228,0.008654382731311227
2024-12-31,RCL,Royal Caribbean Group,Consumer Discretionary,0.1,0.11280986728375919,0.01128098672837592
2024-12-31,APO,Apollo Global Management,Financials,0.1,-0.0042518472668610086,-0.0004251847266861009
2024-12-31,ANET,Arista Networks,Information Technology,0.1,-0.01482214813512639,-0.0014822148135126391
2024-12-31,CCL,Carnival Corporation,Consumer Discretionary,0.1,0.05531246187717165,0.005531246187717165
2024-12-31,NCLH,Norwegian Cruise Line Holdings,Consumer Discretionary,0.1,0.03437737234679639,0.0034377372346796387
2024-12-31,SYF,Synchrony Financial,Financials,0.1,0.02061471618044286,0.002061471618044286
2024-12-31,CVNA,Carvana,Consumer Discretionary,0.1,0.20059296444399077,0.020059296444399077
2024-12-31,VST,Vistra Corp.,Utilities,0.1,0.12798083266675997,0.012798083266675997
2025-01-31,V,Visa Inc.,Financials,0.1,0.06944336771309412,0.006944336771309412
2025-01-31,FOX,Fox Corporation (Class B),Communication Services,0.1,0.12401172188265619,0.01240117218826562
2025-01-31,META,Meta Platforms,Communication Services,0.1,-0.00329918626808412,-0.00032991862680841204
2025-01-31,NFLX,Netflix,Communication Services,0.1,0.010277491969533203,0.0010277491969533203
2025-01-31,APO,Apollo Global Management,Financials,0.1,-0.08996669338563923,-0.008996669338563924
2025-01-31,NCLH,Norwegian Cruise Line Holdings,Consumer Discretionary,0.1,-0.15177254881576396,-0.015177254881576396
2025-01-31,SYF,Synchrony Financial,Financials,0.1,-0.10070449096055056,-0.010070449096055057
2025-01-31,ANET,Arista Networks,Information Technology,0.1,-0.1513631690642412,-0.01513631690642412
2025-01-31,CVNA,Carvana,Consumer Discretionary,0.1,-0.02682960691988434,-0.0026829606919884343
2025-01-31,RDDT,Reddit,Communication Services,0.1,-0.1251321589315233,-0.012513215893152331
2025-02-28,V,Visa Inc.,Financials,0.1,-0.03460043182627481,-0.0034600431826274816
2025-02-28,CME,CME Group,Financials,0.1,0.044881438764779125,0.004488143876477913
2025-02-28,FOX,Fox Corporation (Class B),Communication Services,0.1,-0.02591547157669738,-0.002591547157669738
2025-02-28,FOXA,Fox Corporation (Class A),Communication Services,0.1,-0.0133959538289814,-0.0013395953828981401
2025-02-28,META,Meta Platforms,Communication Services,0.1,-0.15190017151787305,-0.015190017151787305
2025-02-28,SYF,Synchrony Financial,Financials,0.1,-0.12547902965201418,-0.012547902965201418
2025-02-28,NFLX,Netflix,Communication Services,0.1,-0.05645984617961375,-0.005645984617961375
2025-02-28,WSM,"Williams-Sonoma, Inc.",Consumer Discretionary,0.1,-0.18871034854865043,-0.018871034854865045
2025-02-28,HOOD,Robinhood Markets,Financials,0.1,-0.23611114209468143,-0.023611114209468143
2025-02-28,VST,Vistra Corp.,Utilities,0.1,-0.11353882120526904,-0.011353882120526904
2025-03-31,V,Visa Inc.,Financials,0.1,-0.013868277087463077,-0.0013868277087463077
2025-03-31,CME,CME Group,Financials,0.1,0.042728777787159444,0.004272877778715945
2025-03-31,MO,Altria,Consumer Staples,0.1,-0.016524814688932077,-0.0016524814688932078
2025-03-31,FOX,Fox Corporation (Class B),Communication Services,0.1,-0.11881562210047913,-0.011881562210047915
2025-03-31,FOXA,Fox Corporation (Class A),Communication Services,0.1,-0.11827383780964584,-0.011827383780964585
2025-03-31,EOG,EOG Resources,Energy,0.1,-0.13476209005467787,-0.013476209005467789
2025-03-31,ETR,Entergy,Utilities,0.1,-0.02342999349982533,-0.002342999349982533
2025-03-31,NFLX,Netflix,Communication Services,0.1,0.21026413909829844,0.021026413909829844
2025-03-31,TPL,Texas Pacific Land Corporation,Energy,0.1,-0.027811645903339288,-0.002781164590333929
2025-03-31,HOOD,Robinhood Markets,Financials,0.1,0.22308614672585358,0.02230861467258536
2025-04-30,MO,Altria,Consumer Staples,0.1,0.024439943840615097,0.0024439943840615097
2025-04-30,ATO,Atmos Energy,Utilities,0.1,-0.03884858942738589,-0.0038848589427385896
2025-04-30,CME,CME Group,Financials,0.1,0.04660880855127436,0.004660880855127436
2025-04-30,XEL,Xcel Energy,Utilities,0.1,-0.013861416605683408,-0.001386141660568341
2025-04-30,V,Visa Inc.,Financials,0.1,0.05148580141545267,0.0051485801415452675
2025-04-30,PM,Philip Morris International,Consumer Staples,0.1,0.06061684258540412,0.0060616842585404125
2025-04-30,FOXA,Fox Corporation (Class A),Communication Services,0.1,0.10191328831972424,0.010191328831972424
2025-04-30,FOX,Fox Corporation (Class B),Communication Services,0.1,0.08107513438046365,0.008107513438046365
2025-04-30,NFLX,Netflix,Communication Services,0.1,0.07009232728343884,0.007009232728343884
2025-04-30,HOOD,Robinhood Markets,Financials,0.1,0.29154031842145467,0.02915403184214547
2025-05-30,MO,Altria,Consumer Staples,0.1,-0.006920934359731068,-0.0006920934359731069
2025-05-30,CME,CME Group,Financials,0.1,-0.03189414922855005,-0.0031894149228550053
2025-05-30,VRSN,Verisign,Information Technology,0.1,0.07073807152086453,0.007073807152086453
2025-05-30,V,Visa Inc.,Financials,0.1,-0.02467125291954808,-0.002467125291954808
2025-05-30,NFLX,Netflix,Communication Services,0.1,0.11407754734406939,0.011407754734406939
2025-05-30,FOXA,Fox Corporation (Class A),Communication Services,0.1,0.01919210072816835,0.001919210072816835
2025-05-30,FOX,Fox Corporation (Class B),Communication Services,0.1,0.03308605906411621,0.0033086059064116216
2025-05-30,UBER,Uber,Industrials,0.1,0.09907664281005912,0.009907664281005913
2025-05-30,NRG,NRG Energy,Utilities,0.1,0.023763912376720375,0.0023763912376720377
2025-05-30,HOOD,Robinhood Markets,Financials,0.1,0.4389217445720721,0.043892174457207216
2025-06-30,VRSN,Verisign,Information Technology,0.1,-0.0758175436600258,-0.00758175436600258
2025-06-30,NFLX,Netflix,Communication Services,0.1,-0.13093411297134483,-0.013093411297134483
2025-06-30,V,Visa Inc.,Financials,0.1,-0.027471545561604582,-0.0027471545561604583
2025-06-30,EME,Emcor,Industrials,0.1,0.1459815883128066,0.014598158831280662
2025-06-30,UBER,Uber,Industrials,0.1,-0.06833604011820837,-0.006833604011820838
2025-06-30,NEM,Newmont,Materials,0.1,0.08044807929219022,0.008044807929219022
2025-06-30,META,Meta Platforms,Communication Services,0.1,0.0323661578482648,0.00323661578482648
2025-06-30,KLAC,KLA Corporation,Information Technology,0.1,-0.03665689054817256,-0.0036656890548172564
2025-06-30,NRG,NRG Energy,Utilities,0.1,0.01458817294181003,0.001458817294181003
2025-06-30,HOOD,Robinhood Markets,Financials,0.1,0.029343682731794107,0.002934368273179411
2025-07-31,FFIV,"F5, Inc.",Information Technology,0.1,0.005679236440605084,0.0005679236440605085
2025-07-31,NFLX,Netflix,Communication Services,0.1,0.029225839611566773,0.0029225839611566776
2025-07-31,VRSN,Verisign,Information Technology,0.1,0.011449115695767675,0.0011449115695767677
2025-07-31,EME,Emcor,Industrials,0.1,-0.004780205324438791,-0.00047802053244387914
2025-07-31,URI,United Rentals,Industrials,0.1,0.09796386088646036,0.009796386088646037
2025-07-31,KLAC,KLA Corporation,Information Technology,0.1,-0.00995011505535659,-0.000995011505535659
2025-07-31,META,Meta Platforms,Communication Services,0.1,-0.045600900434014324,-0.004560090043401433
2025-07-31,MU,Micron Technology,Information Technology,0.1,0.09830315256269428,0.009830315256269428
2025-07-31,NEM,Newmont,Materials,0.1,0.17766245810264758,0.017766245810264758
2025-07-31,NRG,NRG Energy,Utilities,0.1,-0.12271079862234435,-0.012271079862234436
2025-08-29,FFIV,"F5, Inc.",Information Technology,0.1,0.03459282389362084,0.003459282389362084
2025-08-29,NFLX,Netflix,Communication Services,0.1,-0.01796986969095793,-0.001796986969095793
2025-08-29,NVDA,Nvidia,Information Technology,0.1,0.08970850909160344,0.008970850909160345
2025-08-29,EME,Emcor,Industrials,0.1,0.06372762078032901,0.006372762078032901
2025-08-29,UBER,Uber,Industrials,0.1,0.05652499693410151,0.005652499693410151
2025-08-29,URI,United Rentals,Industrials,0.1,0.025048550979886786,0.0025048550979886786
2025-08-29,KLAC,KLA Corporation,Information Technology,0.1,0.27113867358431953,0.027113867358431954
2025-08-29,NEM,Newmont,Materials,0.1,0.1371562833663893,0.01371562833663893
2025-08-29,MU,Micron Technology,Information Technology,0.1,0.42931125239367685,0.042931125239367686
2025-08-29,ANET,Arista Networks,Information Technology,0.1,0.09244007171549984,0.009244007171549985
2025-09-30,FFIV,"F5, Inc.",Information Technology,0.1,-0.21094161976853054,-0.021094161976853057
2025-09-30,NFLX,Netflix,Communication Services,0.1,-0.035942508860849376,-0.003594250886084938
2025-09-30,NVDA,Nvidia,Information Technology,0.1,0.12329943543074817,0.012329943543074817
2025-09-30,FOXA,Fox Corporation (Class A),Communication Services,0.1,0.030463313891767374,0.0030463313891767375
2025-09-30,URI,United Rentals,Industrials,0.1,-0.10444683507769448,-0.010444683507769448
2025-09-30,KLAC,KLA Corporation,Information Technology,0.1,0.1311037559518502,0.01311037559518502
2025-09-30,MU,Micron Technology,Information Technology,0.1,0.4132033631015064,0.04132033631015064
2025-09-30,ANET,Arista Networks,Information Technology,0.1,0.1095748826291576,0.01095748826291576
2025-09-30,CVNA,Carvana,Consumer Discretionary,0.1,-0.21034201228027571,-0.02103420122802757
2025-09-30,HOOD,Robinhood Markets,Financials,0.1,0.05330595407132388,0.005330595407132388
2025-10-31,NVDA,Nvidia,Information Technology,0.1,-0.1601307938729697,-0.01601307938729697
2025-10-31,CCL,Carnival Corporation,Consumer Discretionary,0.1,-0.11003126594456936,-0.011003126594456937
2025-10-31,QCOM,Qualcomm,Information Technology,0.1,-0.09314023887915757,-0.009314023887915758
2025-10-31,KLAC,KLA Corporation,Information Technology,0.1,-0.040443873894918436,-0.004044387389491844
2025-10-31,DDOG,Datadog,Information Technology,0.1,-0.02398775252827834,-0.002398775252827834
2025-10-31,LRCX,Lam Research,Information Technology,0.1,-0.03212705047212616,-0.0032127050472126164
2025-10-31,EME,Emcor,Industrials,0.1,-0.10019024484362493,-0.010019024484362494
2025-10-31,WDC,Western Digital,Information Technology,0.1,0.05346202529671107,0.005346202529671107
2025-10-31,ANET,Arista Networks,Information Technology,0.1,-0.1963863194545853,-0.01963863194545853
2025-10-31,FSLR,First Solar,Information Technology,0.1,0.012559682735608924,0.0012559682735608924
2025-11-28,HCA,HCA Healthcare,Health Care,0.1,-0.07876923261894242,-0.007876923261894242
2025-11-28,BKR,Baker Hughes,Energy,0.1,-0.08942438259854668,-0.008942438259854668
2025-11-28,MRK,Merck & Co.,Health Care,0.1,0.01634805030320008,0.001634805030320008
2025-11-28,INCY,Incyte,Health Care,0.1,-0.050632891795661994,-0.0050632891795662
2025-11-28,BIIB,Biogen,Health Care,0.1,-0.026533438474849458,-0.002653343847484946
2025-11-28,REGN,Regeneron Pharmaceuticals,Health Care,0.1,-0.0017405974573085903,-0.00017405974573085904
2025-11-28,KLAC,KLA Corporation,Information Technology,0.1,0.08129623214274995,0.008129623214274994
2025-11-28,FSLR,First Solar,Information Technology,0.1,-0.012663883095922146,-0.0012663883095922147
2025-11-28,WDC,Western Digital,Information Technology,0.1,0.10700689175187295,0.010700689175187295
2025-11-28,HOOD,Robinhood Markets,Financials,0.1,-0.06457675430654453,-0.006457675430654453
2025-12-31,BIIB,Biogen,Health Care,0.1,0.022409808085722682,0.0022409808085722682
2025-12-31,MRK,Merck & Co.,Health Care,0.1,0.04349478219421976,0.004349478219421977
2025-12-31,SYF,Synchrony Financial,Financials,0.1,-0.13719984092746607,-0.013719984092746607
2025-12-31,INCY,Incyte,Health Care,0.1,0.01526717557251911,0.001526717557251911
2025-12-31,REGN,Regeneron Pharmaceuticals,Health Care,0.1,-0.05338066968663058,-0.0053380669686630584
2025-12-31,CAH,Cardinal Health,Health Care,0.1,0.055140077600784876,0.005514007760078488
2025-12-31,KLAC,KLA Corporation,Information Technology,0.1,0.11139068988810097,0.011139068988810098
2025-12-31,NEM,Newmont,Materials,0.1,0.0997128966773142,0.00997128966773142
2025-12-31,FSLR,First Solar,Information Technology,0.1,-0.15274952075943848,-0.01527495207594385
2025-12-31,HOOD,Robinhood Markets,Financials,0.1,-0.16971198073564286,-0.016971198073564286
2026-01-30,MRK,Merck & Co.,Health Care,0.1,0.12159467158350612,0.012159467158350612
2026-01-30,BIIB,Biogen,Health Care,0.1,0.06090350241540765,0.006090350241540765
2026-01-30,REGN,Regeneron Pharmaceuticals,Health Care,0.1,0.053358601017641005,0.005335860101764101
2026-01-30,DVN,Devon Energy,Energy,0.1,0.15458703054316958,0.015458703054316958
2026-01-30,FANG,Diamondback Energy,Energy,0.1,0.14236172266044744,0.014236172266044745
2026-01-30,COP,ConocoPhillips,Energy,0.1,0.18420091677091843,0.018420091677091844
2026-01-30,BKR,Baker Hughes,Energy,0.1,0.19689544602620135,0.019689544602620138
2026-01-30,SLB,Schlumberger,Energy,0.1,0.10676111861842563,0.010676111861842565
2026-01-30,FCX,Freeport-McMoRan,Materials,0.1,0.12157666264959954,0.012157666264959954
2026-01-30,NEM,Newmont,Materials,0.1,0.18467509914318714,0.018467509914318714
2026-02-27,CF,CF Industries,Materials,0.1,0.1844795062558673,0.01844795062558673
2026-02-27,DVN,Devon Energy,Energy,0.1,0.08332855138673367,0.008332855138673368
2026-02-27,BKR,Baker Hughes,Energy,0.1,-0.09127811772745942,-0.009127811772745941
2026-02-27,COP,ConocoPhillips,Energy,0.1,0.07436282884222356,0.007436282884222357
2026-02-27,VLO,Valero Energy,Energy,0.1,0.12912222798272355,0.012912222798272355
2026-02-27,SLB,Schlumberger,Energy,0.1,-0.0400381318382117,-0.00400381318382117
2026-02-27,INCY,Incyte,Health Care,0.1,-0.05293176692314783,-0.005293176692314783
2026-02-27,FCX,Freeport-McMoRan,Materials,0.1,-0.09544381244953515,-0.009544381244953515
2026-02-27,APA,APA Corporation,Energy,0.1,0.2715251651764674,0.027152516517646743
2026-02-27,NEM,Newmont,Materials,0.1,-0.1425260704020349,-0.014252607040203492
2026-03-31,EOG,EOG Resources,Energy,0.1,0.00039840621101094875,3.9840621101094877e-05
2026-03-31,REGN,Regeneron Pharmaceuticals,Health Care,0.1,-0.09287738128924206,-0.009287738128924207
2026-03-31,COP,ConocoPhillips,Energy,0.1,-0.024580532343977057,-0.002458053234397706
2026-03-31,DVN,Devon Energy,Energy,0.1,0.04236250057514668,0.004236250057514668
2026-03-31,INCY,Incyte,Health Care,0.1,0.0064448029637356186,0.0006444802963735619
2026-03-31,VLO,Valero Energy,Energy,0.1,0.031513879623025876,0.0031513879623025877
2026-03-31,APA,APA Corporation,Energy,0.1,-0.018139030786516464,-0.0018139030786516464
2026-03-31,NEM,Newmont,Materials,0.1,-0.022559710886246642,-0.0022559710886246643
2026-03-31,CF,CF Industries,Materials,0.1,-0.027461694124512714,-0.0027461694124512716
2026-03-31,FCX,Freeport-McMoRan,Materials,0.1,-0.048279349270398675,-0.0048279349270398675
2026-04-30,SPG,Simon Property Group,Real Estate,0.1,-0.0007850317291323572,-7.850317291323572e-05
2026-04-30,HST,Host Hotels & Resorts,Real Estate,0.1,0.08278148815810482,0.008278148815810482
2026-04-30,DVN,Devon Energy,Energy,0.1,-0.10902695324464029,-0.010902695324464029
2026-04-30,EOG,EOG Resources,Energy,0.1,-0.03495602259183539,-0.003495602259183539
2026-04-30,COP,ConocoPhillips,Energy,0.1,-0.06752125929996311,-0.006752125929996311
2026-04-30,VLO,Valero Energy,Energy,0.1,-0.002872721187665128,-0.00028727211876651283
2026-04-30,EME,Emcor,Industrials,0.1,-0.09375483529446194,-0.009375483529446194
2026-04-30,APA,APA Corporation,Energy,0.1,-0.07190685172130051,-0.007190685172130052
2026-04-30,NEM,Newmont,Materials,0.1,-0.0436604113973067,-0.00436604113973067
2026-04-30,CF,CF Industries,Materials,0.1,-0.0711728524575953,-0.007117285245759531
2026-05-29,SPG,Simon Property Group,Real Estate,0.1,0.09883378811898624,0.009883378811898625
2026-05-29,HST,Host Hotels & Resorts,Real Estate,0.1,0.06418959075201647,0.006418959075201647
2026-05-29,EOG,EOG Resources,Energy,0.1,-0.04444442351517175,-0.0044444423515171754
2026-05-29,FFIV,"F5, Inc.",Information Technology,0.1,0.07858278182499867,0.007858278182499867
2026-05-29,DVN,Devon Energy,Energy,0.1,-0.09293601460261403,-0.009293601460261402
2026-05-29,APA,APA Corporation,Energy,0.1,-0.13598718871880489,-0.013598718871880489
2026-05-29,KLAC,KLA Corporation,Information Technology,0.1,0.5038845979889712,0.050388459798897126
2026-05-29,NEM,Newmont,Materials,0.1,-0.12019050234840034,-0.012019050234840034
2026-05-29,CF,CF Industries,Materials,0.1,-0.05450900930376423,-0.005450900930376423
2026-05-29,WDC,Western Digital,Information Technology,0.1,0.12820456753412168,0.012820456753412169
2026-06-30,SPG,Simon Property Group,Real Estate,0.1,0.04029634145441974,0.004029634145441974
2026-06-30,HST,Host Hotels & Resorts,Real Estate,0.1,0.07118500176750908,0.007118500176750909
2026-06-30,FFIV,"F5, Inc.",Information Technology,0.1,-0.023245726479795392,-0.0023245726479795394
2026-06-30,EME,Emcor,Industrials,0.1,-0.046482310996490805,-0.004648231099649081
2026-06-30,DAL,Delta Air Lines,Industrials,0.1,-0.05345357412394858,-0.005345357412394858
2026-06-30,URI,United Rentals,Industrials,0.1,-0.04269261426954141,-0.004269261426954141
2026-06-30,UAL,United Airlines Holdings,Industrials,0.1,-0.07919482196584149,-0.007919482196584149
2026-06-30,NTAP,NetApp,Information Technology,0.1,0.15858496640937036,0.015858496640937036
2026-06-30,KLAC,KLA Corporation,Information Technology,0.1,-0.37668112989607805,-0.03766811298960781
2026-06-30,MU,Micron Technology,Information Technology,0.1,-0.2731297463086514,-0.02731297463086514
