total_return,cagr,annual_volatility,sharpe_0rf,sortino_0rf,max_drawdown,calmar,positive_month_rate,months,portfolio,avg_monthly_turnover_half_l1,avg_monthly_traded_notional,annualized_excess_return_arith_vs_spy,information_ratio_vs_spy,active_t_stat_iid,avg_max_stock_weight,peak_max_stock_weight,avg_top3_stock_weight,avg_effective_stock_count,avg_max_sector_weight,peak_max_sector_weight,avg_effective_sector_count,avg_valid_weight_fraction
4.642435311703824,0.22576674270588493,0.2038552964968946,1.1075562524021618,1.752645135514339,-0.19468931241719567,1.159625764264317,0.6372549019607843,102,hyp_no_growth_low_vol_macro_sector_n10,0.47797272623051323,0.946141530892399,0.07950448783407597,0.5489934794135176,1.6005772845219826,0.15290642437350044,0.21205013485515672,0.40558286927509163,9.192385898459097,0.42605843768253654,0.7543049549937638,3.4053970399826183,1.0
3.6898453217615783,0.19938834916758763,0.2117102561204988,0.9695464629254461,1.6073013723711462,-0.19610814527685905,1.0167265050928798,0.6274509803921569,102,hyp_static_neutral_no_growth_low_vol_n10,0.47566781661094926,0.9415317116532711,0.05898620960031377,0.39122746910671,1.1406142761516511,0.15306618901969068,0.20090477882196373,0.40709541125306925,9.183432034299033,0.471619263828045,0.9172559705490085,3.066495465338562,1.0
3.6717384510214526,0.198842633162853,0.20870116595477767,0.9792941729001369,1.4301623493465005,-0.19352100734079047,1.0274989568067467,0.6764705882352942,102,hyp_no_growth_low_vol_n10,0.48074079515361645,0.9516776687386054,0.05810311531062204,0.3835599886381432,1.1182599212682116,0.1539530187095806,0.2274534008657788,0.40431362085181205,9.193217715730295,0.46145126519554847,0.8661384633668445,3.2234121070957236,1.0
3.2973001609529575,0.18711723574225037,0.20879144433620175,0.9311492163570636,1.387193850126463,-0.2282514461243771,0.8197855431780608,0.6666666666666666,102,no_low_vol_n10,0.4670680713735259,0.9243322211784243,0.048139269389357545,0.33769102794520034,0.9845300696346618,0.15267883137575924,0.20721005547503762,0.403328770108977,9.212965358613008,0.43383017115954725,0.8624494443205268,3.427481991874099,1.0
3.012332972709916,0.17757310592014108,0.1796667696726603,1.004423970588411,1.5866465472193605,-0.1710909431362565,1.0378872350871442,0.6372549019607843,102,no_growth_n10,0.5244600513591707,1.039116181149714,0.03418488979105075,0.2408854271530442,0.7022956689493314,0.1434418840211731,0.1924707165971654,0.39228707964540926,9.3334161103509,0.44009037743786467,0.9061320589563425,3.336237207946458,1.0
2.80805107554708,0.17035596327314662,0.18421802811440646,0.9509730009357732,1.3862843151724045,-0.2359319490876528,0.7220555076661382,0.6568627450980392,102,dynamic_no_macro_sector_n10,0.5146027240473005,1.0194015265259735,0.02890965063607158,0.23824580081205946,0.694599901842007,0.14600804633993905,0.20382974364245826,0.39635954912675053,9.287289437880666,0.42476129631953013,0.6397046671695117,3.4889033465702446,1.0
2.5465567417476973,0.16060160331058282,0.18641832077813292,0.8962071237735455,1.3829020819953899,-0.21507245050331414,0.746732568186868,0.5882352941176471,102,static_neutral_n10_invvol,0.48909724345827005,0.9683905653479127,0.020792706696908473,0.16561243025483033,0.482839057002169,0.14813587471154185,0.20382974364245826,0.40164216003939135,9.23806131022002,0.4514000489506904,0.854439021272983,3.243454753388374,1.0
2.393927931648697,0.15461076385090622,0.194934465528121,0.8392906855180802,1.150221187232795,-0.21642313676555647,0.7143911051358183,0.6470588235294118,102,full_dynamic_n10_equal,0.4988693499714289,0.9879347783742303,0.01732996081784103,0.12544547252899368,0.3657332578713499,0.09999999999999998,0.1,0.3,9.999999999999998,0.43137254901960775,0.8,3.5013149515324025,1.0
2.382580075961203,0.1541559126262586,0.1952752822209579,0.8360834484527232,1.148904866457804,-0.21241699585364793,0.7257230618799905,0.6470588235294118,102,full_dynamic_n10_score,0.4934437282049641,0.9770835348413008,0.016989710970521064,0.12258233903953769,0.35738586104858067,0.1062963608675697,0.11279626532638742,0.3117167379003842,9.989523268762431,0.43289942678522664,0.8072287843730132,3.4896199956435168,1.0
2.306425505934379,0.1510681270666927,0.18449933776608657,0.8587644029496581,1.2290962980893856,-0.25271117101949636,0.5977896681703793,0.6764705882352942,102,full_dynamic_n10_invvol,0.5246743511347286,1.0395447807008298,0.012164743254944398,0.09070106094885275,0.264436761602096,0.146533691715865,0.20380875910999108,0.39506647521233895,9.32502649728436,0.43639406079368276,0.8169943839070094,3.4590634736284596,1.0
2.1191101178754694,0.14319748329830317,0.18248918226614302,0.8284216151699636,1.163216935782505,-0.21223410023047518,0.6747147755370045,0.6470588235294118,102,full_dynamic_strict_12_30,0.5219426181798225,1.0340813147910175,0.004901262737607918,0.03955737598590471,0.11532857823005951,0.11966611159386988,0.12,0.3552745213992237,9.68534838440455,0.2929248834085927,0.30000000000000004,4.453722295517334,1.0
2.0775213456533344,0.14139356689506655,0.18687241388922926,0.8050903733549629,1.0906676357842573,-0.299755864897572,0.4716957479493567,0.6274509803921569,102,no_sector_rotation_n10,0.4418139090375983,0.8738238965065692,0.004172461081466564,0.03493245437832522,0.10184473052444622,0.14465824506635616,0.2176000297939359,0.3936691006794428,9.322425748468197,0.33836199686425206,0.7017859510250719,4.522470935633831,1.0
2.037213440001006,0.13962456367534393,0.17239186187844624,0.8485129100206376,1.162831534465913,-0.23312894357959135,0.59891561095534,0.6764705882352942,102,SPY,,,,,,,,,,,,,
1.858041720606717,0.13150147700206127,0.17240124638451357,0.8061525201694153,1.1337295614585303,-0.2102760030627655,0.6253755782242506,0.6372549019607843,102,full_dynamic_n20_invvol,0.458437122501321,0.9070703234340146,-0.007295021133132258,-0.06412530988803813,-0.186955798599599,0.07738079757730078,0.10188945956306295,0.21498787086795962,18.59353175999848,0.36605711172469774,0.7091680134781095,4.250233978578223,1.0
1.7347629914697835,0.12564725587389503,0.18578978853793324,0.7330299734710989,1.0125176817981427,-0.29865332662481037,0.42071272834587264,0.6372549019607843,102,no_quality_n10,0.5518953792432814,1.093986836917935,-0.010087236623193947,-0.0734314742750416,-0.2140876970326689,0.14230730630170021,0.1926167466659668,0.38808632132272636,9.395049991043201,0.4687003770180128,0.9469314236320865,3.1788551853318983,1.0
1.612186595124736,0.11959079006381756,0.18415162089193932,0.7084661409085056,0.979037907245117,-0.23528897510695246,0.5082719664593576,0.6078431372549019,102,no_momentum_n10,0.539618121298173,1.0694323210277183,-0.015811532190997804,-0.11638926964946156,-0.3393301162010942,0.14298983079073424,0.18562750448748733,0.3913577370041713,9.365257586561915,0.46530244296295775,0.8927587602762206,3.200736667441652,1.0
1.3838804577965282,0.10760882822345885,0.18517164161206065,0.6477485786806964,0.8356145159978177,-0.2987591205629583,0.3601859184104211,0.6274509803921569,102,RSP,,,,,,,,,,,,,
1.3234555716619512,0.1042683684236807,0.21515631375833033,0.5709633808145462,0.8314337184973566,-0.34660690506909597,0.30082599884412237,0.6274509803921569,102,full_dynamic_n5_invvol,0.5691779225700245,1.1285519235714216,-0.02343034407930463,-0.14243549928154356,-0.41526727221447646,0.2713091866684592,0.38987181560735923,0.6957794094615098,4.689637263470288,0.5240081107864601,1.0,2.6346668738188215,1.0
0.6101624522113938,0.05763937579325562,0.18234758937663187,0.39865781897824515,0.617640308419446,-0.2530819123419369,0.22774988247828448,0.5686274509803921,102,no_value_n10,0.5367095676737438,1.0636152137788601,-0.0735824281095275,-0.5452968507422652,-1.5897998525443933,0.14208746936164077,0.19536656991109283,0.3852795370435319,9.413678352728489,0.49882844222494405,1.0,3.0165805162893413,1.0
