yahoo_symbol,stooq_symbol,http_status,rows,first_date,last_date,available,note
ABMD,abmd.us,200,0,,,False,"<!DOCTYPE html><html><head><meta charset=""utf-8""><meta name=""robots"" content=""no"
ADS,ads.us,200,0,,,False,"<!DOCTYPE html><html><head><meta charset=""utf-8""><meta name=""robots"" content=""no"
AET,aet.us,200,0,,,False,"<!DOCTYPE html><html><head><meta charset=""utf-8""><meta name=""robots"" content=""no"
AGN,agn.us,200,0,,,False,"<!DOCTYPE html><html><head><meta charset=""utf-8""><meta name=""robots"" content=""no"
ALXN,alxn.us,200,0,,,False,"<!DOCTYPE html><html><head><meta charset=""utf-8""><meta name=""robots"" content=""no"
ANDV,andv.us,200,0,,,False,"<!DOCTYPE html><html><head><meta charset=""utf-8""><meta name=""robots"" content=""no"
ANSS,anss.us,200,0,,,False,"<!DOCTYPE html><html><head><meta charset=""utf-8""><meta name=""robots"" content=""no"
ARNC,arnc.us,200,0,,,False,"<!DOCTYPE html><html><head><meta charset=""utf-8""><meta name=""robots"" content=""no"
ATVI,atvi.us,200,0,,,False,"<!DOCTYPE html><html><head><meta charset=""utf-8""><meta name=""robots"" content=""no"
BK,bk.us,200,0,,,False,"<!DOCTYPE html><html><head><meta charset=""utf-8""><meta name=""robots"" content=""no"
CA,ca.us,200,0,,,False,"<!DOCTYPE html><html><head><meta charset=""utf-8""><meta name=""robots"" content=""no"
CELG,celg.us,200,0,,,False,"<!DOCTYPE html><html><head><meta charset=""utf-8""><meta name=""robots"" content=""no"
CERN,cern.us,200,0,,,False,"<!DOCTYPE html><html><head><meta charset=""utf-8""><meta name=""robots"" content=""no"
CHK,chk.us,200,0,,,False,"<!DOCTYPE html><html><head><meta charset=""utf-8""><meta name=""robots"" content=""no"
CMA,cma.us,200,0,,,False,"<!DOCTYPE html><html><head><meta charset=""utf-8""><meta name=""robots"" content=""no"
COL,col.us,200,0,,,False,"<!DOCTYPE html><html><head><meta charset=""utf-8""><meta name=""robots"" content=""no"
CSRA,csra.us,200,0,,,False,"<!DOCTYPE html><html><head><meta charset=""utf-8""><meta name=""robots"" content=""no"
CTLT,ctlt.us,200,0,,,False,"<!DOCTYPE html><html><head><meta charset=""utf-8""><meta name=""robots"" content=""no"
CTRA,ctra.us,200,0,,,False,"<!DOCTYPE html><html><head><meta charset=""utf-8""><meta name=""robots"" content=""no"
CTXS,ctxs.us,200,0,,,False,"<!DOCTYPE html><html><head><meta charset=""utf-8""><meta name=""robots"" content=""no"
CXO,cxo.us,200,0,,,False,"<!DOCTYPE html><html><head><meta charset=""utf-8""><meta name=""robots"" content=""no"
DAY,day.us,200,0,,,False,"<!DOCTYPE html><html><head><meta charset=""utf-8""><meta name=""robots"" content=""no"
DFS,dfs.us,200,0,,,False,"<!DOCTYPE html><html><head><meta charset=""utf-8""><meta name=""robots"" content=""no"
DISCA,disca.us,200,0,,,False,"<!DOCTYPE html><html><head><meta charset=""utf-8""><meta name=""robots"" content=""no"
DISCK,disck.us,200,0,,,False,"<!DOCTYPE html><html><head><meta charset=""utf-8""><meta name=""robots"" content=""no"
DISH,dish.us,200,0,,,False,"<!DOCTYPE html><html><head><meta charset=""utf-8""><meta name=""robots"" content=""no"
DPS,dps.us,200,0,,,False,"<!DOCTYPE html><html><head><meta charset=""utf-8""><meta name=""robots"" content=""no"
DRE,dre.us,200,0,,,False,"<!DOCTYPE html><html><head><meta charset=""utf-8""><meta name=""robots"" content=""no"
DWDP,dwdp.us,200,0,,,False,"<!DOCTYPE html><html><head><meta charset=""utf-8""><meta name=""robots"" content=""no"
EA,ea.us,200,0,,,False,"<!DOCTYPE html><html><head><meta charset=""utf-8""><meta name=""robots"" content=""no"
ESRX,esrx.us,200,0,,,False,"<!DOCTYPE html><html><head><meta charset=""utf-8""><meta name=""robots"" content=""no"
ETFC,etfc.us,200,0,,,False,"<!DOCTYPE html><html><head><meta charset=""utf-8""><meta name=""robots"" content=""no"
EVHC,evhc.us,200,0,,,False,"<!DOCTYPE html><html><head><meta charset=""utf-8""><meta name=""robots"" content=""no"
FBHS,fbhs.us,200,0,,,False,"<!DOCTYPE html><html><head><meta charset=""utf-8""><meta name=""robots"" content=""no"
FL,fl.us,200,0,,,False,"<!DOCTYPE html><html><head><meta charset=""utf-8""><meta name=""robots"" content=""no"
FLIR,flir.us,200,0,,,False,"<!DOCTYPE html><html><head><meta charset=""utf-8""><meta name=""robots"" content=""no"
FRC,frc.us,200,0,,,False,"<!DOCTYPE html><html><head><meta charset=""utf-8""><meta name=""robots"" content=""no"
GGP,ggp.us,200,0,,,False,"<!DOCTYPE html><html><head><meta charset=""utf-8""><meta name=""robots"" content=""no"
GPS,gps.us,200,0,,,False,"<!DOCTYPE html><html><head><meta charset=""utf-8""><meta name=""robots"" content=""no"
HBI,hbi.us,200,0,,,False,"<!DOCTYPE html><html><head><meta charset=""utf-8""><meta name=""robots"" content=""no"
HES,hes.us,200,0,,,False,"<!DOCTYPE html><html><head><meta charset=""utf-8""><meta name=""robots"" content=""no"
HFC,hfc.us,200,0,,,False,"<!DOCTYPE html><html><head><meta charset=""utf-8""><meta name=""robots"" content=""no"
HOLX,holx.us,200,0,,,False,"<!DOCTYPE html><html><head><meta charset=""utf-8""><meta name=""robots"" content=""no"
IPG,ipg.us,200,0,,,False,"<!DOCTYPE html><html><head><meta charset=""utf-8""><meta name=""robots"" content=""no"
JNPR,jnpr.us,200,0,,,False,"<!DOCTYPE html><html><head><meta charset=""utf-8""><meta name=""robots"" content=""no"
JWN,jwn.us,200,0,,,False,"<!DOCTYPE html><html><head><meta charset=""utf-8""><meta name=""robots"" content=""no"
K,k.us,200,0,,,False,"<!DOCTYPE html><html><head><meta charset=""utf-8""><meta name=""robots"" content=""no"
KSU,ksu.us,200,0,,,False,"<!DOCTYPE html><html><head><meta charset=""utf-8""><meta name=""robots"" content=""no"
LLL,lll.us,200,0,,,False,"<!DOCTYPE html><html><head><meta charset=""utf-8""><meta name=""robots"" content=""no"
MON,mon.us,200,0,,,False,"<!DOCTYPE html><html><head><meta charset=""utf-8""><meta name=""robots"" content=""no"
MRO,mro.us,200,0,,,False,"<!DOCTYPE html><html><head><meta charset=""utf-8""><meta name=""robots"" content=""no"
MXIM,mxim.us,200,0,,,False,"<!DOCTYPE html><html><head><meta charset=""utf-8""><meta name=""robots"" content=""no"
NBL,nbl.us,200,0,,,False,"<!DOCTYPE html><html><head><meta charset=""utf-8""><meta name=""robots"" content=""no"
NFX,nfx.us,200,0,,,False,"<!DOCTYPE html><html><head><meta charset=""utf-8""><meta name=""robots"" content=""no"
NLSN,nlsn.us,200,0,,,False,"<!DOCTYPE html><html><head><meta charset=""utf-8""><meta name=""robots"" content=""no"
PBCT,pbct.us,200,0,,,False,"<!DOCTYPE html><html><head><meta charset=""utf-8""><meta name=""robots"" content=""no"
PDCO,pdco.us,200,0,,,False,"<!DOCTYPE html><html><head><meta charset=""utf-8""><meta name=""robots"" content=""no"
PXD,pxd.us,200,0,,,False,"<!DOCTYPE html><html><head><meta charset=""utf-8""><meta name=""robots"" content=""no"
RHT,rht.us,200,0,,,False,"<!DOCTYPE html><html><head><meta charset=""utf-8""><meta name=""robots"" content=""no"
RTN,rtn.us,200,0,,,False,"<!DOCTYPE html><html><head><meta charset=""utf-8""><meta name=""robots"" content=""no"
SATS,sats.us,200,0,,,False,"<!DOCTYPE html><html><head><meta charset=""utf-8""><meta name=""robots"" content=""no"
SCG,scg.us,200,0,,,False,"<!DOCTYPE html><html><head><meta charset=""utf-8""><meta name=""robots"" content=""no"
SEE,see.us,200,0,,,False,"<!DOCTYPE html><html><head><meta charset=""utf-8""><meta name=""robots"" content=""no"
SIVB,sivb.us,200,0,,,False,"<!DOCTYPE html><html><head><meta charset=""utf-8""><meta name=""robots"" content=""no"
SNI,sni.us,200,0,,,False,"<!DOCTYPE html><html><head><meta charset=""utf-8""><meta name=""robots"" content=""no"
SRCL,srcl.us,200,0,,,False,"<!DOCTYPE html><html><head><meta charset=""utf-8""><meta name=""robots"" content=""no"
TIF,tif.us,200,0,,,False,"<!DOCTYPE html><html><head><meta charset=""utf-8""><meta name=""robots"" content=""no"
TSS,tss.us,200,0,,,False,"<!DOCTYPE html><html><head><meta charset=""utf-8""><meta name=""robots"" content=""no"
TWTR,twtr.us,200,0,,,False,"<!DOCTYPE html><html><head><meta charset=""utf-8""><meta name=""robots"" content=""no"
TWX,twx.us,200,0,,,False,"<!DOCTYPE html><html><head><meta charset=""utf-8""><meta name=""robots"" content=""no"
VAR,var.us,200,0,,,False,"<!DOCTYPE html><html><head><meta charset=""utf-8""><meta name=""robots"" content=""no"
VIAB,viab.us,200,0,,,False,"<!DOCTYPE html><html><head><meta charset=""utf-8""><meta name=""robots"" content=""no"
WBA,wba.us,200,0,,,False,"<!DOCTYPE html><html><head><meta charset=""utf-8""><meta name=""robots"" content=""no"
WCG,wcg.us,200,0,,,False,"<!DOCTYPE html><html><head><meta charset=""utf-8""><meta name=""robots"" content=""no"
WYN,wyn.us,200,0,,,False,"<!DOCTYPE html><html><head><meta charset=""utf-8""><meta name=""robots"" content=""no"
XEC,xec.us,200,0,,,False,"<!DOCTYPE html><html><head><meta charset=""utf-8""><meta name=""robots"" content=""no"
XL,xl.us,200,0,,,False,"<!DOCTYPE html><html><head><meta charset=""utf-8""><meta name=""robots"" content=""no"
XLNX,xlnx.us,200,0,,,False,"<!DOCTYPE html><html><head><meta charset=""utf-8""><meta name=""robots"" content=""no"
