effective_date,added,deleted,source,source_http_ok,source_http_status,hans_pre_snapshot,hans_post_snapshot,hans_post_snapshot_lag_days,hans_pre_snapshot_available,hans_post_snapshot_available,hans_added_absent_pre,hans_added_present_post,hans_deleted_present_pre,hans_deleted_absent_post,hans_pass,pierre_month,pierre_added_present,pierre_deleted_absent,pierre_pass,both_sources_pass
2018-05-31,ABMD,WYN,https://press.spglobal.com/2018-05-25-ABIOMED-Set-to-Join-S-P-500-Others-to-Join-S-P-MidCap-400-and-S-P-SmallCap-600,True,200,2018-05-24,2018-05-31,0,True,True,True,True,False,True,False,2018-05,True,True,True,False
2018-12-03,LW,COL,https://press.spglobal.com/2018-11-26-Lamb-Weston-Holdings-Maxim-Integrated-Products-and-Diamondback-Energy-Set-to-Join-S-P-500-Others-to-Join-S-P-MidCap-400-and-S-P-SmallCap-600,True,200,2018-11-29,2018-12-03,0,True,True,True,True,False,True,False,2018-12,True,True,True,False
2018-12-03,MXIM,AET,https://press.spglobal.com/2018-11-26-Lamb-Weston-Holdings-Maxim-Integrated-Products-and-Diamondback-Energy-Set-to-Join-S-P-500-Others-to-Join-S-P-MidCap-400-and-S-P-SmallCap-600,True,200,2018-11-29,2018-12-03,0,True,True,True,True,False,True,False,2018-12,True,True,True,False
2020-10-07,POOL,ETFC,https://www.spglobal.com/spdji/en/documents/indexnews/announcements/20201001-1231161/1231161_dlph400etfc500.pdf,False,403,2020-09-21,2020-10-07,0,True,True,True,True,True,True,True,2020-10,True,True,True,True
2022-02-03,CEG,GPS,https://press.spglobal.com/2022-01-26-Constellation-Energy-Set-to-Join-S-P-500-Others-to-Join-S-P-MidCap-400-and-S-P-SmallCap-600,True,200,2022-02-02,2022-02-15,12,True,True,True,False,False,True,False,2022-02,True,True,True,False
2023-03-15,PODD,SIVB,https://press.spglobal.com/2023-03-10-Insulet-Set-to-Join-S-P-500,True,200,2023-01-04,2023-03-15,0,True,True,True,True,True,True,True,2023-03,True,True,True,True
2023-03-15,BG,SBNY,https://press.spglobal.com/2023-03-13-Bunge-Set-to-Join-S-P-500,True,200,2023-01-04,2023-03-15,0,True,True,True,True,True,True,True,2023-03,True,True,True,True
2023-10-18,LULU,ATVI,https://press.spglobal.com/2023-10-13-Lululemon-Athletica-Hubbell-Set-to-Join-S-P-500-Others-to-Join-S-P-MidCap-400-and-S-P-SmallCap-600,True,200,2023-10-17,2023-10-18,0,True,True,True,True,False,True,False,2023-10,True,True,True,False
2023-10-18,HUBB,OGN,https://press.spglobal.com/2023-10-13-Lululemon-Athletica-Hubbell-Set-to-Join-S-P-500-Others-to-Join-S-P-MidCap-400-and-S-P-SmallCap-600,True,200,2023-10-17,2023-10-18,0,True,True,True,True,True,True,True,2023-10,True,True,True,True
