month,pitindex_members,pierre_members,intersection,union,jaccard,pit_only,pierre_only
2018-01,506,507,477,536,0.8899253731343284,ABC;ANTM;BBT;BF-B;BHGE;BLL;BRK-B;CBS;COG;CTL;FB;HCP;HRS;IR;JEC;KDP;KORS;LB;MMC;MYL;PKI;PX;RE;SYMC;TMK;UTX;WLTW;WRK;WYND,BALL;BBWI;BF/B;BKR;BRK/B;COR;CPAY;CTRA;DAY;DOC;DPS;EG;ELV;GEN;GL;J;LHX;LIN;LUMN;META;MRSH;PSKY;RTX;RVTY;SW;TFC;TT;VTRS;WTW;WYN
2018-02,506,507,477,536,0.8899253731343284,ABC;ANTM;BBT;BF-B;BHGE;BLL;BRK-B;CBS;COG;CTL;FB;HCP;HRS;IR;JEC;KDP;KORS;LB;MMC;MYL;PKI;PX;RE;SYMC;TMK;UTX;WLTW;WRK;WYND,BALL;BBWI;BF/B;BKR;BRK/B;COR;CPAY;CTRA;DAY;DOC;DPS;EG;ELV;GEN;GL;J;LHX;LIN;LUMN;META;MRSH;PSKY;RTX;RVTY;SW;TFC;TT;VTRS;WTW;WYN
2018-03,506,507,477,536,0.8899253731343284,ABC;ANTM;BBT;BF-B;BHGE;BLL;BRK-B;CBS;COG;CTL;FB;HCP;HRS;IR;JEC;KDP;KORS;LB;MMC;MYL;PKI;PX;RE;SYMC;TMK;UTX;WLTW;WRK;WYND,BALL;BBWI;BF/B;BKR;BRK/B;COR;CPAY;CTRA;DAY;DOC;DPS;EG;ELV;GEN;GL;J;LHX;LIN;LUMN;META;MRSH;PSKY;RTX;RVTY;SW;TFC;TT;VTRS;WTW;WYN
2018-04,506,507,477,536,0.8899253731343284,ABC;ANTM;BBT;BF-B;BHGE;BLL;BRK-B;CBS;COG;CTL;FB;HCP;HRS;IR;JEC;KDP;KORS;LB;MMC;MYL;PKI;PX;RE;SYMC;TMK;UTX;WLTW;WRK;WYND,BALL;BBWI;BF/B;BKR;BRK/B;COR;CPAY;CTRA;DAY;DOC;DPS;EG;ELV;GEN;GL;J;LHX;LIN;LUMN;META;MRSH;PSKY;RTX;RVTY;SW;TFC;TT;VTRS;WTW;WYN
2018-05,506,507,478,535,0.8934579439252337,ABC;ANTM;BBT;BF-B;BHGE;BLL;BRK-B;CBS;COG;CTL;FB;HCP;HRS;IR;JEC;KDP;KORS;LB;MMC;MYL;PKI;PX;RE;SYMC;TMK;UTX;WLTW;WRK,BALL;BBWI;BF/B;BKR;BRK/B;COR;CPAY;CTRA;DAY;DOC;DPS;EG;ELV;GEN;GL;J;LHX;LIN;LUMN;META;MRSH;PSKY;RTX;RVTY;SW;TFC;TT;VTRS;WTW
2018-06,506,506,477,535,0.891588785046729,ABC;ANTM;BBT;BF-B;BHGE;BLL;BRK-B;CBS;COG;CTL;FB;FLT;HCP;HRS;IR;JEC;KDP;KORS;LB;MMC;MYL;PKI;PX;RE;SYMC;TMK;UTX;WLTW;WRK,BALL;BBWI;BF/B;BKR;BRK/B;COR;CPAY;CTRA;DAY;DOC;DPS;EG;ELV;GEN;GL;J;LHX;LIN;LUMN;META;MRSH;PSKY;RTX;RVTY;SW;TFC;TT;VTRS;WTW
2018-07,506,506,478,534,0.8951310861423221,ABC;ANTM;BBT;BF-B;BHGE;BLL;BRK-B;CBS;COG;CTL;FB;FLT;HCP;HRS;IR;JEC;KORS;LB;MMC;MYL;PKI;PX;RE;SYMC;TMK;UTX;WLTW;WRK,BALL;BBWI;BF/B;BKR;BRK/B;COR;CPAY;CTRA;DAY;DOC;EG;ELV;GEN;GL;J;LHX;LIN;LUMN;META;MRSH;PSKY;RTX;RVTY;SW;TFC;TT;VTRS;WTW
2018-08,506,506,478,534,0.8951310861423221,ABC;ANTM;BBT;BF-B;BHGE;BLL;BRK-B;CBS;COG;CTL;FB;FLT;HCP;HRS;IR;JEC;KORS;LB;MMC;MYL;PKI;PX;RE;SYMC;TMK;UTX;WLTW;WRK,BALL;BBWI;BF/B;BKR;BRK/B;COR;CPAY;CTRA;DAY;DOC;EG;ELV;GEN;GL;J;LHX;LIN;LUMN;META;MRSH;PSKY;RTX;RVTY;SW;TFC;TT;VTRS;WTW
2018-09,505,506,478,533,0.8968105065666041,ABC;ANTM;BBT;BF-B;BHGE;BLL;BRK-B;CBS;COG;CTL;FB;FLT;HCP;HRS;IR;JEC;LB;MMC;MYL;PKI;PX;RE;SYMC;TMK;UTX;WLTW;WRK,BALL;BBWI;BF/B;BKR;BRK/B;COR;CPAY;CTRA;DAY;DOC;EG;ELV;GEN;GL;J;LHX;LIN;LUMN;META;MRSH;PSKY;RTX;RVTY;SW;TFC;TT;VTRS;WTW
2018-10,505,506,479,532,0.900375939849624,ABC;ANTM;BBT;BF-B;BHGE;BLL;BRK-B;CBS;COG;CTL;FB;FLT;HCP;HRS;IR;JEC;LB;MMC;MYL;PKI;RE;SYMC;TMK;UTX;WLTW;WRK,BALL;BBWI;BF/B;BKR;BRK/B;COR;CPAY;CTRA;DAY;DOC;EG;ELV;GEN;GL;J;LHX;LUMN;META;MRSH;PSKY;RTX;RVTY;SW;TFC;TT;VTRS;WTW
2018-11,503,506,477,532,0.8966165413533834,ABC;ANTM;BBT;BF-B;BHGE;BLL;BRK-B;CBS;COG;CTL;FB;FLT;HCP;HRS;IR;JEC;LB;MMC;MYL;PKI;RE;SYMC;TMK;UTX;WLTW;WRK,AET;BALL;BBWI;BF/B;BKR;BRK/B;COL;COR;CPAY;CTRA;DAY;DOC;EG;ELV;GEN;GL;J;LHX;LUMN;META;MRSH;PSKY;RTX;RVTY;SW;TFC;TT;VTRS;WTW
2018-12,505,506,479,532,0.900375939849624,ABC;ANTM;BBT;BF-B;BHGE;BLL;BRK-B;CBS;COG;CTL;FB;FLT;HCP;HRS;IR;JEC;LB;MMC;MYL;PKI;RE;SYMC;TMK;UTX;WLTW;WRK,BALL;BBWI;BF/B;BKR;BRK/B;COR;CPAY;CTRA;DAY;DOC;EG;ELV;GEN;GL;J;LHX;LUMN;META;MRSH;PSKY;RTX;RVTY;SW;TFC;TT;VTRS;WTW
2019-01,505,506,479,532,0.900375939849624,ABC;ANTM;BBT;BF-B;BHGE;BLL;BRK-B;CBS;COG;CTL;FB;FLT;HCP;HRS;IR;JEC;LB;MMC;MYL;PKI;RE;SYMC;TMK;UTX;WLTW;WRK,BALL;BBWI;BF/B;BKR;BRK/B;COR;CPAY;CTRA;DAY;DOC;EG;ELV;GEN;GL;J;LHX;LUMN;META;MRSH;PSKY;RTX;RVTY;SW;TFC;TT;VTRS;WTW
2019-02,505,506,479,532,0.900375939849624,ABC;ANTM;BBT;BF-B;BHGE;BLL;BRK-B;CBS;COG;CTL;FB;FLT;HCP;HRS;IR;JEC;LB;MMC;MYL;PKI;RE;SYMC;TMK;UTX;WLTW;WRK,BALL;BBWI;BF/B;BKR;BRK/B;COR;CPAY;CTRA;DAY;DOC;EG;ELV;GEN;GL;J;LHX;LUMN;META;MRSH;PSKY;RTX;RVTY;SW;TFC;TT;VTRS;WTW
2019-03,505,506,479,532,0.900375939849624,ABC;ANTM;BBT;BF-B;BHGE;BLL;BRK-B;CBS;COG;CTL;FB;FLT;HCP;HRS;IR;JEC;LB;MMC;MYL;PKI;RE;SYMC;TMK;UTX;WLTW;WRK,BALL;BBWI;BF/B;BKR;BRK/B;COR;CPAY;CTRA;DAY;DOC;EG;ELV;GEN;GL;J;LHX;LUMN;META;MRSH;PSKY;RTX;RVTY;SW;TFC;TT;VTRS;WTW
2019-04,505,506,479,532,0.900375939849624,ABC;ANTM;BBT;BF-B;BHGE;BLL;BRK-B;CBS;COG;CTL;FB;FLT;HCP;HRS;IR;JEC;LB;MMC;MYL;PKI;RE;SYMC;TMK;UTX;WLTW;WRK,BALL;BBWI;BF/B;BKR;BRK/B;COR;CPAY;CTRA;DAY;DOC;EG;ELV;GEN;GL;J;LHX;LUMN;META;MRSH;PSKY;RTX;RVTY;SW;TFC;TT;VTRS;WTW
2019-05,505,506,479,532,0.900375939849624,ABC;ANTM;BBT;BF-B;BHGE;BLL;BRK-B;CBS;COG;CTL;FB;FLT;HCP;HRS;IR;JEC;LB;MMC;MYL;PKI;RE;SYMC;TMK;UTX;WLTW;WRK,BALL;BBWI;BF/B;BKR;BRK/B;COR;CPAY;CTRA;DAY;DOC;EG;ELV;GEN;GL;J;LHX;LUMN;META;MRSH;PSKY;RTX;RVTY;SW;TFC;TT;VTRS;WTW
2019-06,505,506,480,531,0.903954802259887,ABC;ANTM;BBT;BF-B;BHGE;BLL;BRK-B;CBS;COG;CTL;FB;FLT;HCP;IR;JEC;LB;MMC;MYL;PKI;RE;SYMC;TMK;UTX;WLTW;WRK,BALL;BBWI;BF/B;BKR;BRK/B;COR;CPAY;CTRA;DAY;DOC;EG;ELV;GEN;GL;J;LUMN;META;MRSH;PSKY;RTX;RVTY;SW;TFC;TT;VTRS;WTW
2019-07,505,506,480,531,0.903954802259887,ABC;ANTM;BBT;BF-B;BHGE;BLL;BRK-B;CBS;COG;CTL;FB;FLT;HCP;IR;JEC;LB;MMC;MYL;PKI;RE;SYMC;TMK;UTX;WLTW;WRK,BALL;BBWI;BF/B;BKR;BRK/B;COR;CPAY;CTRA;DAY;DOC;EG;ELV;GEN;GL;J;LUMN;META;MRSH;PSKY;RTX;RVTY;SW;TFC;TT;VTRS;WTW
2019-08,505,506,481,530,0.9075471698113208,ABC;ANTM;BBT;BF-B;BHGE;BLL;BRK-B;CBS;COG;CTL;FB;FLT;HCP;IR;JEC;LB;MMC;MYL;PKI;RE;SYMC;UTX;WLTW;WRK,BALL;BBWI;BF/B;BKR;BRK/B;COR;CPAY;CTRA;DAY;DOC;EG;ELV;GEN;J;LUMN;META;MRSH;PSKY;RTX;RVTY;SW;TFC;TT;VTRS;WTW
2019-09,505,506,482,529,0.9111531190926276,ABC;ANTM;BBT;BF-B;BLL;BRK-B;CBS;COG;CTL;FB;FLT;HCP;IR;JEC;LB;MMC;MYL;PKI;RE;SYMC;UTX;WLTW;WRK,BALL;BBWI;BF/B;BRK/B;COR;CPAY;CTRA;DAY;DOC;EG;ELV;GEN;J;LUMN;META;MRSH;PSKY;RTX;RVTY;SW;TFC;TT;VTRS;WTW
2019-10,505,506,482,529,0.9111531190926276,ABC;ANTM;BBT;BF-B;BLL;BRK-B;CBS;COG;CTL;FB;FLT;HCP;IR;JEC;LB;MMC;MYL;PKI;RE;SYMC;UTX;WLTW;WRK,BALL;BBWI;BF/B;BRK/B;COR;CPAY;CTRA;DAY;DOC;EG;ELV;GEN;J;LUMN;META;MRSH;PSKY;RTX;RVTY;SW;TFC;TT;VTRS;WTW
2019-11,505,506,482,529,0.9111531190926276,ABC;ANTM;BBT;BF-B;BLL;BRK-B;CBS;COG;CTL;FB;FLT;IR;JEC;LB;MMC;MYL;PEAK;PKI;RE;SYMC;UTX;WLTW;WRK,BALL;BBWI;BF/B;BRK/B;COR;CPAY;CTRA;DAY;DOC;EG;ELV;GEN;J;LUMN;META;MRSH;PSKY;RTX;RVTY;SW;TFC;TT;VTRS;WTW
2019-12,505,506,484,527,0.9184060721062619,ABC;ANTM;BF-B;BLL;BRK-B;COG;CTL;FB;FLT;IR;LB;MMC;MYL;PEAK;PKI;RE;SYMC;UTX;VIAC;WLTW;WRK,BALL;BBWI;BF/B;BRK/B;COR;CPAY;CTRA;DAY;DOC;EG;ELV;GEN;LUMN;META;MRSH;PSKY;RTX;RVTY;SW;TT;VTRS;WTW
2020-01,505,506,484,527,0.9184060721062619,ABC;ANTM;BF-B;BLL;BRK-B;COG;CTL;FB;FLT;IR;LB;MMC;MYL;PEAK;PKI;RE;SYMC;UTX;VIAC;WLTW;WRK,BALL;BBWI;BF/B;BRK/B;COR;CPAY;CTRA;DAY;DOC;EG;ELV;GEN;LUMN;META;MRSH;PSKY;RTX;RVTY;SW;TT;VTRS;WTW
2020-02,505,506,485,526,0.9220532319391636,ABC;ANTM;BF-B;BLL;BRK-B;COG;CTL;FB;FLT;LB;MMC;MYL;PEAK;PKI;RE;SYMC;UTX;VIAC;WLTW;WRK,BALL;BBWI;BF/B;BRK/B;COR;CPAY;CTRA;DAY;DOC;EG;ELV;GEN;LUMN;META;MRSH;PSKY;RTX;RVTY;SW;VTRS;WTW
2020-03,505,506,485,526,0.9220532319391636,ABC;ANTM;BF-B;BLL;BRK-B;COG;CTL;FB;FLT;LB;MMC;MYL;PEAK;PKI;RE;SYMC;UTX;VIAC;WLTW;WRK,BALL;BBWI;BF/B;BRK/B;COR;CPAY;CTRA;DAY;DOC;EG;ELV;GEN;LUMN;META;MRSH;PSKY;RTX;RVTY;SW;VTRS;WTW
2020-04,505,506,486,525,0.9257142857142857,ABC;ANTM;BF-B;BLL;BRK-B;COG;CTL;FB;FLT;LB;MMC;MYL;PEAK;PKI;RE;SYMC;VIAC;WLTW;WRK,BALL;BBWI;BF/B;BRK/B;COR;CPAY;CTRA;DAY;DOC;EG;ELV;GEN;LUMN;META;MRSH;PSKY;RVTY;SW;VTRS;WTW
2020-05,505,506,486,525,0.9257142857142857,ABC;ANTM;BF-B;BLL;BRK-B;COG;CTL;FB;FLT;LB;MMC;MYL;PEAK;PKI;RE;SYMC;VIAC;WLTW;WRK,BALL;BBWI;BF/B;BRK/B;COR;CPAY;CTRA;DAY;DOC;EG;ELV;GEN;LUMN;META;MRSH;PSKY;RVTY;SW;VTRS;WTW
2020-06,505,506,486,525,0.9257142857142857,ABC;ANTM;BF-B;BLL;BRK-B;COG;CTL;FB;FLT;LB;MMC;MYL;PEAK;PKI;RE;SYMC;VIAC;WLTW;WRK,BALL;BBWI;BF/B;BRK/B;COR;CPAY;CTRA;DAY;DOC;EG;ELV;GEN;LUMN;META;MRSH;PSKY;RVTY;SW;VTRS;WTW
2020-07,505,506,486,525,0.9257142857142857,ABC;ANTM;BF-B;BLL;BRK-B;COG;CTL;FB;FLT;LB;MMC;MYL;PEAK;PKI;RE;SYMC;VIAC;WLTW;WRK,BALL;BBWI;BF/B;BRK/B;COR;CPAY;CTRA;DAY;DOC;EG;ELV;GEN;LUMN;META;MRSH;PSKY;RVTY;SW;VTRS;WTW
2020-08,505,506,486,525,0.9257142857142857,ABC;ANTM;BF-B;BLL;BRK-B;COG;CTL;FB;FLT;LB;MMC;MYL;PEAK;PKI;RE;SYMC;VIAC;WLTW;WRK,BALL;BBWI;BF/B;BRK/B;COR;CPAY;CTRA;DAY;DOC;EG;ELV;GEN;LUMN;META;MRSH;PSKY;RVTY;SW;VTRS;WTW
2020-09,505,506,487,524,0.9293893129770993,ABC;ANTM;BF-B;BLL;BRK-B;COG;FB;FLT;LB;MMC;MYL;PEAK;PKI;RE;SYMC;VIAC;WLTW;WRK,BALL;BBWI;BF/B;BRK/B;COR;CPAY;CTRA;DAY;DOC;EG;ELV;GEN;META;MRSH;PSKY;RVTY;SW;VTRS;WTW
2020-10,505,506,487,524,0.9293893129770993,ABC;ANTM;BF-B;BLL;BRK-B;COG;FB;FLT;LB;MMC;MYL;PEAK;PKI;RE;SYMC;VIAC;WLTW;WRK,BALL;BBWI;BF/B;BRK/B;COR;CPAY;CTRA;DAY;DOC;EG;ELV;GEN;META;MRSH;PSKY;RVTY;SW;VTRS;WTW
2020-11,505,506,488,523,0.9330783938814532,ABC;ANTM;BF-B;BLL;BRK-B;COG;FB;FLT;LB;MMC;PEAK;PKI;RE;SYMC;VIAC;WLTW;WRK,BALL;BBWI;BF/B;BRK/B;COR;CPAY;CTRA;DAY;DOC;EG;ELV;GEN;META;MRSH;PSKY;RVTY;SW;WTW
2020-12,505,506,488,523,0.9330783938814532,ABC;ANTM;BF-B;BLL;BRK-B;COG;FB;FLT;LB;MMC;PEAK;PKI;RE;SYMC;VIAC;WLTW;WRK,BALL;BBWI;BF/B;BRK/B;COR;CPAY;CTRA;DAY;DOC;EG;ELV;GEN;META;MRSH;PSKY;RVTY;SW;WTW
2021-01,505,506,488,523,0.9330783938814532,ABC;ANTM;BF-B;BLL;BRK-B;COG;FB;FLT;LB;MMC;PEAK;PKI;RE;SYMC;VIAC;WLTW;WRK,BALL;BBWI;BF/B;BRK/B;COR;CPAY;CTRA;DAY;DOC;EG;ELV;GEN;META;MRSH;PSKY;RVTY;SW;WTW
2021-02,505,506,488,523,0.9330783938814532,ABC;ANTM;BF-B;BLL;BRK-B;COG;FB;FLT;LB;MMC;PEAK;PKI;RE;SYMC;VIAC;WLTW;WRK,BALL;BBWI;BF/B;BRK/B;COR;CPAY;CTRA;DAY;DOC;EG;ELV;GEN;META;MRSH;PSKY;RVTY;SW;WTW
2021-03,505,506,488,523,0.9330783938814532,ABC;ANTM;BF-B;BLL;BRK-B;COG;FB;FLT;LB;MMC;PEAK;PKI;RE;SYMC;VIAC;WLTW;WRK,BALL;BBWI;BF/B;BRK/B;COR;CPAY;CTRA;DAY;DOC;EG;ELV;GEN;META;MRSH;PSKY;RVTY;SW;WTW
2021-04,505,506,488,523,0.9330783938814532,ABC;ANTM;BF-B;BLL;BRK-B;COG;FB;FLT;LB;MMC;PEAK;PKI;RE;SYMC;VIAC;WLTW;WRK,BALL;BBWI;BF/B;BRK/B;COR;CPAY;CTRA;DAY;DOC;EG;ELV;GEN;META;MRSH;PSKY;RVTY;SW;WTW
2021-05,505,506,488,523,0.9330783938814532,ABC;ANTM;BF-B;BLL;BRK-B;COG;FB;FLT;LB;MMC;PEAK;PKI;RE;SYMC;VIAC;WLTW;WRK,BALL;BBWI;BF/B;BRK/B;COR;CPAY;CTRA;DAY;DOC;EG;ELV;GEN;META;MRSH;PSKY;RVTY;SW;WTW
2021-06,505,506,488,523,0.9330783938814532,ABC;ANTM;BF-B;BLL;BRK-B;COG;FB;FLT;LB;MMC;PEAK;PKI;RE;SYMC;VIAC;WLTW;WRK,BALL;BBWI;BF/B;BRK/B;COR;CPAY;CTRA;DAY;DOC;EG;ELV;GEN;META;MRSH;PSKY;RVTY;SW;WTW
2021-07,505,506,488,523,0.9330783938814532,ABC;ANTM;BF-B;BLL;BRK-B;COG;FB;FLT;LB;MMC;PEAK;PKI;RE;SYMC;VIAC;WLTW;WRK,BALL;BBWI;BF/B;BRK/B;COR;CPAY;CTRA;DAY;DOC;EG;ELV;GEN;META;MRSH;PSKY;RVTY;SW;WTW
2021-08,505,506,489,522,0.9367816091954023,ABC;ANTM;BF-B;BLL;BRK-B;COG;FB;FLT;MMC;PEAK;PKI;RE;SYMC;VIAC;WLTW;WRK,BALL;BF/B;BRK/B;COR;CPAY;CTRA;DAY;DOC;EG;ELV;GEN;META;MRSH;PSKY;RVTY;SW;WTW
2021-09,505,505,488,522,0.9348659003831418,ABC;ANTM;BF-B;BLL;BRK-B;CDAY;COG;FB;FLT;MMC;PEAK;PKI;RE;SYMC;VIAC;WLTW;WRK,BALL;BF/B;BRK/B;COR;CPAY;CTRA;DAY;DOC;EG;ELV;GEN;META;MRSH;PSKY;RVTY;SW;WTW
2021-10,505,505,489,521,0.9385796545105566,ABC;ANTM;BF-B;BLL;BRK-B;CDAY;FB;FLT;MMC;PEAK;PKI;RE;SYMC;VIAC;WLTW;WRK,BALL;BF/B;BRK/B;COR;CPAY;DAY;DOC;EG;ELV;GEN;META;MRSH;PSKY;RVTY;SW;WTW
2021-11,505,505,489,521,0.9385796545105566,ABC;ANTM;BF-B;BLL;BRK-B;CDAY;FB;FLT;MMC;PEAK;PKI;RE;SYMC;VIAC;WLTW;WRK,BALL;BF/B;BRK/B;COR;CPAY;DAY;DOC;EG;ELV;GEN;META;MRSH;PSKY;RVTY;SW;WTW
2021-12,505,505,489,521,0.9385796545105566,ABC;ANTM;BF-B;BLL;BRK-B;CDAY;FB;FLT;MMC;PEAK;PKI;RE;SYMC;VIAC;WLTW;WRK,BALL;BF/B;BRK/B;COR;CPAY;DAY;DOC;EG;ELV;GEN;META;MRSH;PSKY;RVTY;SW;WTW
2022-01,505,505,490,520,0.9423076923076923,ABC;ANTM;BF-B;BLL;BRK-B;CDAY;FB;FLT;MMC;PEAK;PKI;RE;SYMC;VIAC;WRK,BALL;BF/B;BRK/B;COR;CPAY;DAY;DOC;EG;ELV;GEN;META;MRSH;PSKY;RVTY;SW
2022-02,505,505,490,520,0.9423076923076923,ABC;ANTM;BF-B;BLL;BRK-B;CDAY;FB;FLT;MMC;PARA;PEAK;PKI;RE;SYMC;WRK,BALL;BF/B;BRK/B;COR;CPAY;DAY;DOC;EG;ELV;GEN;META;MRSH;PSKY;RVTY;SW
2022-03,505,505,490,520,0.9423076923076923,ABC;ANTM;BF-B;BLL;BRK-B;CDAY;FB;FLT;MMC;PARA;PEAK;PKI;RE;SYMC;WRK,BALL;BF/B;BRK/B;COR;CPAY;DAY;DOC;EG;ELV;GEN;META;MRSH;PSKY;RVTY;SW
2022-04,504,504,489,519,0.9421965317919075,ABC;ANTM;BF-B;BLL;BRK-B;CDAY;FB;FLT;MMC;PARA;PEAK;PKI;RE;SYMC;WRK,BALL;BF/B;BRK/B;COR;CPAY;DAY;DOC;EG;ELV;GEN;META;MRSH;PSKY;RVTY;SW
2022-05,504,504,489,519,0.9421965317919075,ABC;ANTM;BF-B;BLL;BRK-B;CDAY;FB;FLT;MMC;PARA;PEAK;PKI;RE;SYMC;WRK,BALL;BF/B;BRK/B;COR;CPAY;DAY;DOC;EG;ELV;GEN;META;MRSH;PSKY;RVTY;SW
2022-06,503,503,490,516,0.9496124031007752,ABC;BF-B;BLL;BRK-B;CDAY;FLT;MMC;PARA;PEAK;PKI;RE;SYMC;WRK,BALL;BF/B;BRK/B;COR;CPAY;DAY;DOC;EG;GEN;MRSH;PSKY;RVTY;SW
2022-07,503,503,490,516,0.9496124031007752,ABC;BF-B;BLL;BRK-B;CDAY;FLT;MMC;PARA;PEAK;PKI;RE;SYMC;WRK,BALL;BF/B;BRK/B;COR;CPAY;DAY;DOC;EG;GEN;MRSH;PSKY;RVTY;SW
2022-08,503,503,490,516,0.9496124031007752,ABC;BF-B;BLL;BRK-B;CDAY;FLT;MMC;PARA;PEAK;PKI;RE;SYMC;WRK,BALL;BF/B;BRK/B;COR;CPAY;DAY;DOC;EG;GEN;MRSH;PSKY;RVTY;SW
2022-09,503,503,490,516,0.9496124031007752,ABC;BF-B;BLL;BRK-B;CDAY;FLT;MMC;PARA;PEAK;PKI;RE;SYMC;WRK,BALL;BF/B;BRK/B;COR;CPAY;DAY;DOC;EG;GEN;MRSH;PSKY;RVTY;SW
2022-10,503,503,490,516,0.9496124031007752,ABC;BF-B;BLL;BRK-B;CDAY;FLT;MMC;PARA;PEAK;PKI;RE;SYMC;WRK,BALL;BF/B;BRK/B;COR;CPAY;DAY;DOC;EG;GEN;MRSH;PSKY;RVTY;SW
2022-11,503,503,491,515,0.9533980582524272,ABC;BF-B;BLL;BRK-B;CDAY;FLT;MMC;PARA;PEAK;PKI;RE;WRK,BALL;BF/B;BRK/B;COR;CPAY;DAY;DOC;EG;MRSH;PSKY;RVTY;SW
2022-12,503,503,491,515,0.9533980582524272,ABC;BF-B;BLL;BRK-B;CDAY;FLT;MMC;PARA;PEAK;PKI;RE;WRK,BALL;BF/B;BRK/B;COR;CPAY;DAY;DOC;EG;MRSH;PSKY;RVTY;SW
2023-01,503,503,491,515,0.9533980582524272,ABC;BF-B;BLL;BRK-B;CDAY;FLT;MMC;PARA;PEAK;PKI;RE;WRK,BALL;BF/B;BRK/B;COR;CPAY;DAY;DOC;EG;MRSH;PSKY;RVTY;SW
2023-02,503,503,491,515,0.9533980582524272,ABC;BF-B;BLL;BRK-B;CDAY;FLT;MMC;PARA;PEAK;PKI;RE;WRK,BALL;BF/B;BRK/B;COR;CPAY;DAY;DOC;EG;MRSH;PSKY;RVTY;SW
2023-03,503,503,492,514,0.9571984435797666,ABC;BF-B;BLL;BRK-B;CDAY;FLT;MMC;PARA;PEAK;PKI;WRK,BALL;BF/B;BRK/B;COR;CPAY;DAY;DOC;MRSH;PSKY;RVTY;SW
2023-04,503,503,492,514,0.9571984435797666,ABC;BF-B;BLL;BRK-B;CDAY;FLT;MMC;PARA;PEAK;PKI;WRK,BALL;BF/B;BRK/B;COR;CPAY;DAY;DOC;MRSH;PSKY;RVTY;SW
2023-05,503,503,493,513,0.9610136452241715,ABC;BF-B;BLL;BRK-B;CDAY;FLT;MMC;PARA;PEAK;WRK,BALL;BF/B;BRK/B;COR;CPAY;DAY;DOC;MRSH;PSKY;SW
2023-06,503,503,493,513,0.9610136452241715,ABC;BF-B;BLL;BRK-B;CDAY;FLT;MMC;PARA;PEAK;WRK,BALL;BF/B;BRK/B;COR;CPAY;DAY;DOC;MRSH;PSKY;SW
2023-07,503,503,493,513,0.9610136452241715,ABC;BF-B;BLL;BRK-B;CDAY;FLT;MMC;PARA;PEAK;WRK,BALL;BF/B;BRK/B;COR;CPAY;DAY;DOC;MRSH;PSKY;SW
2023-08,503,503,494,512,0.96484375,BF-B;BLL;BRK-B;CDAY;FLT;MMC;PARA;PEAK;WRK,BALL;BF/B;BRK/B;CPAY;DAY;DOC;MRSH;PSKY;SW
2023-09,503,503,494,512,0.96484375,BF-B;BLL;BRK-B;CDAY;FLT;MMC;PARA;PEAK;WRK,BALL;BF/B;BRK/B;CPAY;DAY;DOC;MRSH;PSKY;SW
2023-10,503,503,494,512,0.96484375,BF-B;BLL;BRK-B;CDAY;FLT;MMC;PARA;PEAK;WRK,BALL;BF/B;BRK/B;CPAY;DAY;DOC;MRSH;PSKY;SW
2023-11,503,503,494,512,0.96484375,BF-B;BLL;BRK-B;CDAY;FLT;MMC;PARA;PEAK;WRK,BALL;BF/B;BRK/B;CPAY;DAY;DOC;MRSH;PSKY;SW
2023-12,503,503,494,512,0.96484375,BF-B;BLL;BRK-B;CDAY;FLT;MMC;PARA;PEAK;WRK,BALL;BF/B;BRK/B;CPAY;DAY;DOC;MRSH;PSKY;SW
2024-01,503,503,494,512,0.96484375,BF-B;BLL;BRK-B;CDAY;FLT;MMC;PARA;PEAK;WRK,BALL;BF/B;BRK/B;CPAY;DAY;DOC;MRSH;PSKY;SW
2024-02,503,503,494,512,0.96484375,BF-B;BLL;BRK-B;CDAY;FLT;MMC;PARA;PEAK;WRK,BALL;BF/B;BRK/B;CPAY;DAY;DOC;MRSH;PSKY;SW
2024-03,503,503,495,511,0.9686888454011742,BF-B;BLL;BRK-B;CDAY;FLT;MMC;PARA;WRK,BALL;BF/B;BRK/B;CPAY;DAY;MRSH;PSKY;SW
2024-04,503,503,496,510,0.9725490196078431,BF-B;BLL;BRK-B;CDAY;MMC;PARA;WRK,BALL;BF/B;BRK/B;DAY;MRSH;PSKY;SW
2024-05,503,503,496,510,0.9725490196078431,BF-B;BLL;BRK-B;CDAY;MMC;PARA;WRK,BALL;BF/B;BRK/B;DAY;MRSH;PSKY;SW
2024-06,503,503,496,510,0.9725490196078431,BF-B;BLL;BRK-B;CDAY;MMC;PARA;WRK,BALL;BF/B;BRK/B;DAY;MRSH;PSKY;SW
2024-07,503,503,497,509,0.9764243614931237,BF-B;BLL;BRK-B;CDAY;MMC;PARA,BALL;BF/B;BRK/B;DAY;MRSH;PSKY
2024-08,503,503,498,508,0.9803149606299213,BF-B;BLL;BRK-B;MMC;PARA,BALL;BF/B;BRK/B;MRSH;PSKY
2024-09,504,504,500,508,0.984251968503937,BF-B;BRK-B;MMC;PARA,BF/B;BRK/B;MRSH;PSKY
2024-10,503,503,499,507,0.9842209072978304,BF-B;BRK-B;MMC;PARA,BF/B;BRK/B;MRSH;PSKY
2024-11,503,503,499,507,0.9842209072978304,BF-B;BRK-B;MMC;PARA,BF/B;BRK/B;MRSH;PSKY
2024-12,503,503,499,507,0.9842209072978304,BF-B;BRK-B;MMC;PARA,BF/B;BRK/B;MRSH;PSKY
2025-01,503,503,499,507,0.9842209072978304,BF-B;BRK-B;MMC;PARA,BF/B;BRK/B;MRSH;PSKY
2025-02,503,503,499,507,0.9842209072978304,BF-B;BRK-B;MMC;PARA,BF/B;BRK/B;MRSH;PSKY
2025-03,503,503,499,507,0.9842209072978304,BF-B;BRK-B;MMC;PARA,BF/B;BRK/B;MRSH;PSKY
2025-04,503,503,499,507,0.9842209072978304,BF-B;BRK-B;MMC;PARA,BF/B;BRK/B;MRSH;PSKY
2025-05,503,503,499,507,0.9842209072978304,BF-B;BRK-B;MMC;PARA,BF/B;BRK/B;MRSH;PSKY
2025-06,503,503,499,507,0.9842209072978304,BF-B;BRK-B;MMC;PARA,BF/B;BRK/B;MRSH;PSKY
2025-07,503,503,499,507,0.9842209072978304,BF-B;BRK-B;MMC;PARA,BF/B;BRK/B;MRSH;PSKY
2025-08,503,503,500,506,0.9881422924901185,BF-B;BRK-B;MMC,BF/B;BRK/B;MRSH
2025-09,503,503,500,506,0.9881422924901185,BF-B;BRK-B;MMC,BF/B;BRK/B;MRSH
2025-10,503,503,500,506,0.9881422924901185,BF-B;BRK-B;MMC,BF/B;BRK/B;MRSH
2025-11,503,503,500,506,0.9881422924901185,BF-B;BRK-B;MMC,BF/B;BRK/B;MRSH
2025-12,503,503,500,506,0.9881422924901185,BF-B;BRK-B;MMC,BF/B;BRK/B;MRSH
2026-01,503,503,501,505,0.9920792079207921,BF-B;BRK-B,BF/B;BRK/B
2026-02,503,503,501,505,0.9920792079207921,BF-B;BRK-B,BF/B;BRK/B
2026-03,503,503,501,505,0.9920792079207921,BF-B;BRK-B,BF/B;BRK/B
2026-04,503,503,500,506,0.9881422924901185,BF-B;BRK-B;CASY,BF/B;BRK/B;HOLX
