date,Symbol,Security,GICS Sector,score,weight
2018-01-31,SPGI,S&P Global,Financials,77.93436532510975,0.12000034013977331
2018-01-31,URI,United Rentals,Industrials,79.92678329704847,0.12000034013977331
2018-01-31,GOOG,Alphabet Inc. (Class C),Communication Services,76.10796508277662,0.12000034013977331
2018-01-31,MA,Mastercard,Financials,77.0380153445107,0.12000034013977331
2018-01-31,AMZN,Amazon,Consumer Discretionary,76.42545995963944,0.12000034013977331
2018-01-31,FTNT,Fortinet,Information Technology,77.46207496300967,0.11452473169217736
2018-01-31,CPRT,Copart,Industrials,77.1206753169365,0.0999982993011335
2018-01-31,NVDA,Nvidia,Information Technology,85.99030244453677,0.07183266339224732
2018-01-31,NTAP,NetApp,Information Technology,78.80899219946866,0.060799206137797546
2018-01-31,ANET,Arista Networks,Information Technology,83.74464411810398,0.05284339877777765
2018-02-28,BBY,Best Buy,Consumer Discretionary,77.52965099954473,0.14669870580798777
2018-02-28,DECK,Deckers Brands,Consumer Discretionary,82.28746176639416,0.14669870580798777
2018-02-28,ODFL,Old Dominion,Industrials,79.11994436785179,0.11779658674988899
2018-02-28,CPRT,Copart,Industrials,81.32397086179262,0.11779658674988899
2018-02-28,URI,United Rentals,Industrials,79.34088748664499,0.11779658674988899
2018-02-28,ADBE,Adobe Inc.,Information Technology,78.0524059847422,0.08879796730294882
2018-02-28,STX,Seagate Technology,Information Technology,79.45320237260954,0.07846418326004449
2018-02-28,ON,ON Semiconductor,Information Technology,80.39655670801847,0.07107384404638671
2018-02-28,NVDA,Nvidia,Information Technology,87.828384132441,0.06580936398039718
2018-02-28,ANET,Arista Networks,Information Technology,86.28275394650586,0.04906746954458028
2018-03-29,ODFL,Old Dominion,Industrials,78.73714584267717,0.14672439975213128
2018-03-29,CPRT,Copart,Industrials,80.91265434241036,0.14672439975213128
2018-03-29,AMZN,Amazon,Consumer Discretionary,78.25750996014808,0.11862096009752052
2018-03-29,DECK,Deckers Brands,Consumer Discretionary,83.12809525601763,0.11862096009752052
2018-03-29,BBY,Best Buy,Consumer Discretionary,78.09771945832547,0.11612332021598505
2018-03-29,ADBE,Adobe Inc.,Information Technology,81.5154580304248,0.09540959536911145
2018-03-29,ON,ON Semiconductor,Information Technology,79.85551552100063,0.07516459655353644
2018-03-29,NVDA,Nvidia,Information Technology,87.78297056598629,0.0700835472222902
2018-03-29,LRCX,Lam Research,Information Technology,77.84303423796719,0.05843566255535295
2018-03-29,ANET,Arista Networks,Information Technology,86.44130414272911,0.054092558384420446
2018-04-30,ANET,Arista Networks,Information Technology,83.10487869755917,0.12613420469768652
2018-04-30,NDAQ,"Nasdaq, Inc.",Financials,78.48705619266094,0.12613420469768652
2018-04-30,NVDA,Nvidia,Information Technology,79.58194290008174,0.12613420469768652
2018-04-30,VLO,Valero Energy,Energy,85.18869283751405,0.10450127394382897
2018-04-30,PSX,Phillips 66,Energy,82.98525265243796,0.10450127394382897
2018-04-30,LVS,Las Vegas Sands,Consumer Discretionary,78.89416648845446,0.10403639440347724
2018-04-30,MPC,Marathon Petroleum,Energy,82.17267671179718,0.10178587231176318
2018-04-30,DECK,Deckers Brands,Consumer Discretionary,81.33482852227877,0.08727098660870336
2018-04-30,AMZN,Amazon,Consumer Discretionary,80.50570324485385,0.07946092140212124
2018-04-30,CMG,Chipotle Mexican Grill,Consumer Discretionary,77.74289609470856,0.04004066329321747
2018-05-31,CPRT,Copart,Industrials,78.13776805543249,0.12000025654530266
2018-05-31,LVS,Las Vegas Sands,Consumer Discretionary,80.58700701699374,0.12000025654530266
2018-05-31,FTNT,Fortinet,Information Technology,78.17623793637864,0.12000025654530266
2018-05-31,DECK,Deckers Brands,Consumer Discretionary,85.1905251825375,0.11023280472614776
2018-05-31,PSX,Phillips 66,Energy,84.76177506326277,0.10853885451742587
2018-05-31,VLO,Valero Energy,Energy,83.96207491211467,0.10853885451742587
2018-05-31,STX,Seagate Technology,Information Technology,79.67794937976488,0.09517343223592951
2018-05-31,MPC,Marathon Petroleum,Energy,81.99297691617697,0.08292229096514823
2018-05-31,NVDA,Nvidia,Information Technology,79.91490192764728,0.07902622607432627
2018-05-31,CMG,Chipotle Mexican Grill,Consumer Discretionary,78.54925494424283,0.055566767327688435
2018-06-29,VLO,Valero Energy,Energy,80.29543797802738,0.12648584602205484
2018-06-29,PSX,Phillips 66,Energy,79.58145525433287,0.12648584602205484
2018-06-29,CSGP,CoStar Group,Real Estate,79.01768664788634,0.12648584602205484
2018-06-29,ADBE,Adobe Inc.,Information Technology,79.32597110448944,0.1156979377547841
2018-06-29,NVDA,Nvidia,Information Technology,78.26578303051038,0.10952384230515883
2018-06-29,LVS,Las Vegas Sands,Consumer Discretionary,78.99403912255266,0.0951091434190954
2018-06-29,DECK,Deckers Brands,Consumer Discretionary,88.33201669200311,0.0919269425388366
2018-06-29,AMZN,Amazon,Consumer Discretionary,79.33710598030314,0.08578541390815632
2018-06-29,ANET,Arista Networks,Information Technology,78.2865235743897,0.08503183208002418
2018-06-29,CMG,Chipotle Mexican Grill,Consumer Discretionary,79.78074041112279,0.03746734992778007
2018-07-31,VRSN,Verisign,Information Technology,76.13442897346671,0.12
2018-07-31,AMZN,Amazon,Consumer Discretionary,77.4212965704294,0.12
2018-07-31,CSGP,CoStar Group,Real Estate,79.19189936629174,0.11075178537159437
2018-07-31,PSX,Phillips 66,Energy,78.30359378180015,0.10716076395700519
2018-07-31,CNC,Centene Corporation,Health Care,77.20823195912766,0.1055158979804856
2018-07-31,CSX,CSX Corporation,Industrials,75.94134108559263,0.09650408362888935
2018-07-31,ADBE,Adobe Inc.,Information Technology,75.88728932823048,0.09271062045669878
2018-07-31,DECK,Deckers Brands,Consumer Discretionary,83.27756674988768,0.08354766899748926
2018-07-31,VLO,Valero Energy,Energy,75.09629959158266,0.08351116092709467
2018-07-31,FTNT,Fortinet,Information Technology,74.32927139315734,0.08029801868074284
2018-08-31,CSGP,CoStar Group,Real Estate,80.8360881405064,0.12
2018-08-31,CNC,Centene Corporation,Health Care,80.14110453041944,0.12
2018-08-31,VRSN,Verisign,Information Technology,73.9878674713797,0.1195724844716211
2018-08-31,AMZN,Amazon,Consumer Discretionary,79.86606139421339,0.11181371950567989
2018-08-31,CPRT,Copart,Industrials,73.61919349006817,0.10976238932865155
2018-08-31,PSX,Phillips 66,Energy,74.49484147502663,0.10752743148261545
2018-08-31,CSX,CSX Corporation,Industrials,75.44459276202613,0.10033086587112414
2018-08-31,NVDA,Nvidia,Information Technology,75.53312181164831,0.07638665176558755
2018-08-31,TECH,Bio-Techne,Health Care,73.51732605029963,0.0754263059237127
2018-08-31,CMG,Chipotle Mexican Grill,Consumer Discretionary,79.27392161215155,0.059180151651007595
2018-09-28,AMZN,Amazon,Consumer Discretionary,80.12799573076398,0.14
2018-09-28,CSX,CSX Corporation,Industrials,80.45639125390224,0.14
2018-09-28,FFIV,"F5, Inc.",Information Technology,75.95680124263072,0.14
2018-09-28,NVDA,Nvidia,Information Technology,78.98785518627356,0.14
2018-09-28,CMG,Chipotle Mexican Grill,Consumer Discretionary,79.97141241382288,0.14
2018-09-28,CNC,Centene Corporation,Health Care,81.20284531448813,0.0736675778918486
2018-09-28,PFE,Pfizer,Health Care,79.20245872659805,0.0736675778918486
2018-09-28,TECH,Bio-Techne,Health Care,77.25200064687753,0.06373626519367916
2018-09-28,ALGN,Align Technology,Health Care,76.3502884701069,0.04835497183979149
2018-09-28,VEEV,Veeva Systems,Health Care,81.01079008403387,0.04057360718283216
2018-10-31,MKC,McCormick & Company,Consumer Staples,72.25071057188926,0.12000002901362046
2018-10-31,ROST,Ross Stores,Consumer Discretionary,71.88188306486192,0.12000002901362046
2018-10-31,CNC,Centene Corporation,Health Care,72.4690433257367,0.11935699367523128
2018-10-31,PFE,Pfizer,Health Care,77.75431266153493,0.11043418923155905
2018-10-31,CMCSA,Comcast,Communication Services,71.49510321433364,0.1097445606686632
2018-10-31,FTNT,Fortinet,Information Technology,76.82632380768423,0.10938015798603715
2018-10-31,CMG,Chipotle Mexican Grill,Consumer Discretionary,75.39713479167952,0.10900406456429484
2018-10-31,CIEN,Ciena,Information Technology,77.29196690632905,0.09673837431270822
2018-10-31,VEEV,Veeva Systems,Health Care,78.85243690716437,0.07020881709320963
2018-10-31,TTD,Trade Desk (The),Communication Services,72.82899899277544,0.03513278444105563
2018-11-30,PFE,Pfizer,Health Care,81.2399120100608,0.12000000000000001
2018-11-30,MKC,McCormick & Company,Consumer Staples,71.41636044341607,0.12000000000000001
2018-11-30,CME,CME Group,Financials,71.57943730034734,0.12000000000000001
2018-11-30,AMT,American Tower,Real Estate,71.09945345240524,0.1196094211658335
2018-11-30,CMG,Chipotle Mexican Grill,Consumer Discretionary,78.4348341947017,0.11081601679709872
2018-11-30,CSX,CSX Corporation,Industrials,72.20731631424012,0.10134036883836299
2018-11-30,CIEN,Ciena,Information Technology,76.17933867101357,0.08793861168341423
2018-11-30,CNC,Centene Corporation,Health Care,74.6833448223067,0.08450000566359199
2018-11-30,DECK,Deckers Brands,Consumer Discretionary,79.03867171967856,0.07608865832878847
2018-11-30,VEEV,Veeva Systems,Health Care,74.50397335690997,0.059706917522910075
2018-12-31,DECK,Deckers Brands,Consumer Discretionary,81.5231477795922,0.1264663480987251
2018-12-31,AMT,American Tower,Real Estate,73.13375173930756,0.1264663480987251
2018-12-31,CME,CME Group,Financials,73.11293118533676,0.1264663480987251
2018-12-31,PFE,Pfizer,Health Care,80.27929684026034,0.11357583809088605
2018-12-31,REGN,Regeneron Pharmaceuticals,Health Care,71.54910101442421,0.11214074386044494
2018-12-31,VEEV,Veeva Systems,Health Care,76.09500609162289,0.08460105597424954
2018-12-31,CNP,CenterPoint Energy,Utilities,72.24042061017413,0.08259759700111939
2018-12-31,PNW,Pinnacle West Capital,Utilities,71.69410016614863,0.08259759700111939
2018-12-31,NEE,NextEra Energy,Utilities,70.65075144416826,0.08259759700111939
2018-12-31,NRG,NRG Energy,Utilities,71.65792860962523,0.06249052677488602
2019-01-31,WELL,Welltower,Real Estate,72.45614019958197,0.12
2019-01-31,AMT,American Tower,Real Estate,76.98438447306674,0.12
2019-01-31,PFE,Pfizer,Health Care,72.72267290930844,0.12
2019-01-31,CNP,CenterPoint Energy,Utilities,73.10239547387927,0.12
2019-01-31,CMG,Chipotle Mexican Grill,Consumer Discretionary,85.6268280613649,0.1188478345793074
2019-01-31,REGN,Regeneron Pharmaceuticals,Health Care,74.35559777629828,0.10278835239183418
2019-01-31,AVGO,Broadcom,Information Technology,73.54917314618082,0.08558212927216001
2019-01-31,DECK,Deckers Brands,Consumer Discretionary,80.40077486597912,0.08476425742706678
2019-01-31,VEEV,Veeva Systems,Health Care,80.24019297583808,0.07258122140366391
2019-01-31,TTD,Trade Desk (The),Communication Services,77.86638884368254,0.05543620492596787
2019-02-28,AMT,American Tower,Real Estate,75.43421188666761,0.12000000000000002
2019-02-28,DOC,Healthpeak Properties,Real Estate,77.49913391140231,0.12000000000000002
2019-02-28,PNW,Pinnacle West Capital,Utilities,73.64251781633024,0.12000000000000002
2019-02-28,FAST,Fastenal,Industrials,73.11970421909884,0.10973657225383948
2019-02-28,CMI,Cummins,Industrials,72.3943681004539,0.1092487762022783
2019-02-28,AVGO,Broadcom,Information Technology,79.8325398950788,0.09414649699569966
2019-02-28,FTNT,Fortinet,Information Technology,81.17521231239672,0.09217764510631918
2019-02-28,INTU,Intuit,Information Technology,72.3547178812268,0.09122828315583131
2019-02-28,DECK,Deckers Brands,Consumer Discretionary,84.4041316612656,0.07572816229257197
2019-02-28,VEEV,Veeva Systems,Health Care,74.6034777649954,0.06773406399346012
2019-03-29,DECK,Deckers Brands,Consumer Discretionary,76.423154120272,0.1728625565085749
2019-03-29,VICI,Vici Properties,Real Estate,72.77386561269593,0.10719652068442559
2019-03-29,AMT,American Tower,Real Estate,72.12703328917893,0.10719652068442559
2019-03-29,DOC,Healthpeak Properties,Real Estate,72.23116241657792,0.10719652068442559
2019-03-29,FTNT,Fortinet,Information Technology,72.38323748437963,0.10052260312847403
2019-03-29,CSGP,CoStar Group,Real Estate,72.50572715880857,0.09181419214880658
2019-03-29,KLAC,KLA Corporation,Information Technology,70.27178080060168,0.0878201896973567
2019-03-29,AVGO,Broadcom,Information Technology,69.82747993596118,0.08570278637495063
2019-03-29,ANET,Arista Networks,Information Technology,71.46356156783027,0.07349464441931683
2019-03-29,LRCX,Lam Research,Information Technology,73.56153001306728,0.0661934656692435
2019-04-30,DECK,Deckers Brands,Consumer Discretionary,87.0882921554302,0.23333333333333328
2019-04-30,V,Visa Inc.,Financials,76.64010446770185,0.23333333333333328
2019-04-30,CSGP,CoStar Group,Real Estate,77.40556356703718,0.23333333333333328
2019-04-30,CDNS,Cadence Design Systems,Information Technology,76.51905705531681,0.05165674862231099
2019-04-30,SNPS,Synopsys,Information Technology,79.32118007983516,0.05076814266357076
2019-04-30,KLAC,KLA Corporation,Information Technology,76.5524378812923,0.04679552234140924
2019-04-30,AVGO,Broadcom,Information Technology,80.08786341102002,0.04154652957919298
2019-04-30,LRCX,Lam Research,Information Technology,79.54680565320956,0.039282867639727465
2019-04-30,FTNT,Fortinet,Information Technology,81.87720308892315,0.038568973312272374
2019-04-30,ANET,Arista Networks,Information Technology,78.38243747528371,0.03138121584151616
2019-05-31,DECK,Deckers Brands,Consumer Discretionary,70.36383756457845,0.14
2019-05-31,V,Visa Inc.,Financials,73.64002522896712,0.14
2019-05-31,SNPS,Synopsys,Information Technology,69.33825527941234,0.14
2019-05-31,VRSN,Verisign,Information Technology,69.82366984470254,0.14
2019-05-31,NEE,NextEra Energy,Utilities,70.1983470142067,0.14
2019-05-31,VICI,Vici Properties,Real Estate,75.95950028267221,0.06672649233937757
2019-05-31,MAA,Mid-America Apartment Communities,Real Estate,69.46522005939704,0.06252958942149472
2019-05-31,AMT,American Tower,Real Estate,71.29487786504248,0.06194980615944793
2019-05-31,ARE,Alexandria Real Estate Equities,Real Estate,69.87457674266128,0.05873403630175709
2019-05-31,CSGP,CoStar Group,Real Estate,80.24639178989244,0.05006007577792266
2019-06-28,CTAS,Cintas,Industrials,71.93352066452135,0.14670203656674563
2019-06-28,CSGP,CoStar Group,Real Estate,74.77993026619086,0.14670203656674563
2019-06-28,ERIE,Erie Indemnity,Financials,71.12941559406676,0.12190331601152837
2019-06-28,V,Visa Inc.,Financials,78.196388987328,0.11565301480224659
2019-06-28,SYF,Synchrony Financial,Financials,72.5976539899521,0.11565301480224659
2019-06-28,TSCO,Tractor Supply,Consumer Discretionary,71.62638227326515,0.08299383952073155
2019-06-28,PHM,PulteGroup,Consumer Discretionary,70.96583581730286,0.07712421984083168
2019-06-28,AMZN,Amazon,Consumer Discretionary,70.82924841660314,0.07224562839118517
2019-06-28,DECK,Deckers Brands,Consumer Discretionary,75.54014060102494,0.0633267507772868
2019-06-28,LULU,Lululemon Athletica,Consumer Discretionary,70.35036535495233,0.05769614272045202
2019-07-31,CSGP,CoStar Group,Real Estate,74.93016783726965,0.17500000000000002
2019-07-31,V,Visa Inc.,Financials,74.75960550594537,0.17500000000000002
2019-07-31,HSY,Hershey Company (The),Consumer Staples,72.99891683685793,0.17500000000000002
2019-07-31,SBUX,Starbucks,Consumer Discretionary,68.69507652272176,0.17500000000000002
2019-07-31,VRSN,Verisign,Information Technology,71.15687160296974,0.06583141674439905
2019-07-31,ACN,Accenture,Information Technology,70.87653316028134,0.06215138625930657
2019-07-31,SNPS,Synopsys,Information Technology,70.21337277784629,0.04802712369242561
2019-07-31,INTU,Intuit,Information Technology,71.24228423266207,0.04762943924678259
2019-07-31,CDNS,Cadence Design Systems,Information Technology,69.01743132004394,0.042615616860429986
2019-07-31,LRCX,Lam Research,Information Technology,70.33487337766753,0.03374501719665612
2019-08-30,EXR,Extra Space Storage,Real Estate,69.25769564867771,0.12
2019-08-30,HSY,Hershey Company (The),Consumer Staples,72.19498915131591,0.12
2019-08-30,ACN,Accenture,Information Technology,70.15862015744098,0.11673197458821274
2019-08-30,JCI,Johnson Controls,Industrials,74.02487676260841,0.11533345899532275
2019-08-30,V,Visa Inc.,Financials,70.76480044416267,0.10175344214032997
2019-08-30,CMG,Chipotle Mexican Grill,Consumer Discretionary,71.77371498975931,0.09273824544017856
2019-08-30,TSN,Tyson Foods,Consumer Staples,69.55215582784898,0.08751759309707331
2019-08-30,SBUX,Starbucks,Consumer Discretionary,72.72626999252404,0.08644845564359849
2019-08-30,CSGP,CoStar Group,Real Estate,79.26380593615345,0.08481607539927478
2019-08-30,SNPS,Synopsys,Information Technology,69.29467520935101,0.07466075469600938
2019-09-30,JCI,Johnson Controls,Industrials,77.44212591270961,0.12000028045095623
2019-09-30,HIG,Hartford (The),Financials,73.08208627160296,0.12000028045095623
2019-09-30,CPRT,Copart,Industrials,69.87069112126598,0.12000028045095623
2019-09-30,HSY,Hershey Company (The),Consumer Staples,72.16632842450686,0.12000028045095623
2019-09-30,V,Visa Inc.,Financials,71.46651538064758,0.12000028045095623
2019-09-30,CSGP,CoStar Group,Real Estate,75.6315078657965,0.09999859774521888
2019-09-30,NEE,NextEra Energy,Utilities,75.93852542321166,0.07636243994038364
2019-09-30,EVRG,Evergy,Utilities,71.8068375514401,0.07454585335320546
2019-09-30,ETR,Entergy,Utilities,71.57379511998957,0.07454585335320546
2019-09-30,ATO,Atmos Energy,Utilities,70.87990773059882,0.07454585335320546
2019-10-31,JCI,Johnson Controls,Industrials,75.79483386261083,0.12000011205534478
2019-10-31,NEE,NextEra Energy,Utilities,71.65306713775091,0.12000011205534478
2019-10-31,VICI,Vici Properties,Real Estate,71.27413863842085,0.1136353258338705
2019-10-31,MAA,Mid-America Apartment Communities,Real Estate,73.76711405956917,0.1136353258338705
2019-10-31,PHM,PulteGroup,Consumer Discretionary,72.16313865196634,0.10971839470854314
2019-10-31,CPRT,Copart,Industrials,71.5047631003055,0.09492983761761002
2019-10-31,TDY,Teledyne Technologies,Information Technology,70.68395659701602,0.0944832678873475
2019-10-31,V,Visa Inc.,Financials,72.06181933282103,0.09288037109219101
2019-10-31,CSGP,CoStar Group,Real Estate,72.33140186448071,0.07272934833225904
2019-10-31,KLAC,KLA Corporation,Information Technology,75.08664470877694,0.06798790458361884
2019-11-29,TROW,T. Rowe Price,Financials,78.76325538434565,0.12644417491155321
2019-11-29,VRTX,Vertex Pharmaceuticals,Health Care,76.36974054055486,0.12644417491155321
2019-11-29,SYF,Synchrony Financial,Financials,75.9242410773504,0.12644417491155321
2019-11-29,CPRT,Copart,Industrials,76.07833795656646,0.10684559168766558
2019-11-29,CMI,Cummins,Industrials,75.31315317614411,0.10215756257432525
2019-11-29,PCAR,Paccar,Industrials,75.97375654852155,0.10134722907881473
2019-11-29,AVGO,Broadcom,Information Technology,77.152417494665,0.09284657780388333
2019-11-29,FTNT,Fortinet,Information Technology,82.37910282919113,0.07748097683342446
2019-11-29,KLAC,KLA Corporation,Information Technology,75.98440321613668,0.07135922361650376
2019-11-29,NVDA,Nvidia,Information Technology,77.82983716489223,0.06863031367072324
2019-12-31,GOOGL,Alphabet Inc. (Class A),Communication Services,75.59493020705372,0.12000022929097609
2019-12-31,GOOG,Alphabet Inc. (Class C),Communication Services,75.60498145741738,0.12000022929097609
2019-12-31,CPRT,Copart,Industrials,75.2752409947698,0.12000022929097609
2019-12-31,TROW,T. Rowe Price,Financials,74.8430286717449,0.11624957396159719
2019-12-31,AMGN,Amgen,Health Care,79.12700183008428,0.10788043155436924
2019-12-31,BMY,Bristol Myers Squibb,Health Care,75.93116883249547,0.10271932017995085
2019-12-31,VRTX,Vertex Pharmaceuticals,Health Care,78.87308870408005,0.0894002482656799
2019-12-31,FTNT,Fortinet,Information Technology,84.26342421112338,0.08002364939191199
2019-12-31,NVDA,Nvidia,Information Technology,79.69595575298668,0.0760239198064296
2019-12-31,KLAC,KLA Corporation,Information Technology,75.30485711466369,0.06770216896713302
2020-01-31,MNST,Monster Beverage,Consumer Staples,71.19495347983249,0.12000000000000001
2020-01-31,NEE,NextEra Energy,Utilities,72.7783547812624,0.11989464088681323
2020-01-31,GOOG,Alphabet Inc. (Class C),Communication Services,75.89693738343999,0.11949642734317763
2020-01-31,MSFT,Microsoft,Information Technology,72.1327390282177,0.11873624461732393
2020-01-31,GOOGL,Alphabet Inc. (Class A),Communication Services,75.68460633335373,0.11849174378872532
2020-01-31,TROW,T. Rowe Price,Financials,71.90151657647874,0.09577016281063731
2020-01-31,BMY,Bristol Myers Squibb,Health Care,72.22337898670747,0.0925359714198925
2020-01-31,VRTX,Vertex Pharmaceuticals,Health Care,73.85500846747942,0.0869127032684424
2020-01-31,NVDA,Nvidia,Information Technology,78.85604470436009,0.06558056140458128
2020-01-31,FTNT,Fortinet,Information Technology,79.10683495610755,0.06258154446040647
2020-02-28,DECK,Deckers Brands,Consumer Discretionary,74.69152217537741,0.175
2020-02-28,GOOG,Alphabet Inc. (Class C),Communication Services,74.09212422500059,0.175
2020-02-28,NEE,NextEra Energy,Utilities,71.85817314855265,0.175
2020-02-28,GOOGL,Alphabet Inc. (Class A),Communication Services,74.06610319472992,0.175
2020-02-28,FTNT,Fortinet,Information Technology,74.68301802048877,0.06566387643128482
2020-02-28,MSFT,Microsoft,Information Technology,71.92335279114374,0.06093472616705865
2020-02-28,GEN,Gen Digital,Information Technology,71.96956624570738,0.05002841533275966
2020-02-28,LRCX,Lam Research,Information Technology,72.78165789394153,0.0464982202340416
2020-02-28,NVDA,Nvidia,Information Technology,72.91261599314765,0.039433360121006
2020-02-28,SMCI,Supermicro,Information Technology,73.27272157549677,0.03744140171384926
2020-03-31,DVA,DaVita,Health Care,72.23418651597638,0.12701527760363873
2020-03-31,BIIB,Biogen,Health Care,75.96991725459233,0.12701527760363873
2020-03-31,GILD,Gilead Sciences,Health Care,72.38692304757983,0.12701527760363873
2020-03-31,VRTX,Vertex Pharmaceuticals,Health Care,72.73540053681681,0.12701527760363873
2020-03-31,GEN,Gen Digital,Information Technology,81.06599995507631,0.10515886627270016
2020-03-31,AAPL,Apple Inc.,Information Technology,73.74664608454984,0.08400680674101346
2020-03-31,MSFT,Microsoft,Information Technology,74.20220206163367,0.08049396833001925
2020-03-31,FTNT,Fortinet,Information Technology,75.11082067264472,0.07847415464906729
2020-03-31,ADBE,Adobe Inc.,Information Technology,71.84676755323723,0.07654907771528124
2020-03-31,NVDA,Nvidia,Information Technology,76.16255478535923,0.06725601587736364
2020-04-30,GEN,Gen Digital,Information Technology,79.375026582745,0.35000000000000003
2020-04-30,MNST,Monster Beverage,Consumer Staples,76.47755344460823,0.35000000000000003
2020-04-30,ABBV,AbbVie,Health Care,84.58942222903325,0.04446175216793103
2020-04-30,INCY,Incyte,Health Care,74.28454280919436,0.041254514586891444
2020-04-30,JNJ,Johnson & Johnson,Health Care,75.42276006178143,0.04106702395634432
2020-04-30,REGN,Regeneron Pharmaceuticals,Health Care,76.33366995150668,0.03758416095411251
2020-04-30,GILD,Gilead Sciences,Health Care,75.85849780158033,0.035628873571539106
2020-04-30,VEEV,Veeva Systems,Health Care,79.2640138941887,0.034451106871712774
2020-04-30,VRTX,Vertex Pharmaceuticals,Health Care,74.93396246963746,0.034431058912460226
2020-04-30,BIIB,Biogen,Health Care,78.39547637572011,0.03112150897900856
2020-05-29,MNST,Monster Beverage,Consumer Staples,75.16739158030286,0.35
2020-05-29,VRSN,Verisign,Information Technology,73.65877341873318,0.35
2020-05-29,ABBV,AbbVie,Health Care,83.73835409381954,0.0440718313943129
2020-05-29,TECH,Bio-Techne,Health Care,80.37681592217602,0.04168627486461331
2020-05-29,JNJ,Johnson & Johnson,Health Care,75.48815582955056,0.04116204549805206
2020-05-29,GILD,Gilead Sciences,Health Care,75.9486507273189,0.03642903164478172
2020-05-29,BIIB,Biogen,Health Care,80.7438119510094,0.03611281970926938
2020-05-29,REGN,Regeneron Pharmaceuticals,Health Care,73.52833559223478,0.03486860058613889
2020-05-29,VRTX,Vertex Pharmaceuticals,Health Care,76.9281813320913,0.03363088133471665
2020-05-29,VEEV,Veeva Systems,Health Care,76.45673113803993,0.03203851496811509
2020-06-30,ABBV,AbbVie,Health Care,82.67642849151811,0.12647027987743997
2020-06-30,MNST,Monster Beverage,Consumer Staples,72.15592250626133,0.12647027987743997
2020-06-30,VEEV,Veeva Systems,Health Care,72.27618722494756,0.12647027987743997
2020-06-30,GOOGL,Alphabet Inc. (Class A),Communication Services,73.95160846289282,0.10936653008245985
2020-06-30,GOOG,Alphabet Inc. (Class C),Communication Services,74.8786904233394,0.10677516176336899
2020-06-30,META,Meta Platforms,Communication Services,72.23111758403445,0.09417014043416243
2020-06-30,ORCL,Oracle Corporation,Information Technology,73.33372177245951,0.08990104843613593
2020-06-30,VRSN,Verisign,Information Technology,74.52220981093893,0.08869006719199676
2020-06-30,AAPL,Apple Inc.,Information Technology,73.88990481166829,0.07935100251160401
2020-06-30,NVDA,Nvidia,Information Technology,72.0844704647908,0.05233520994795215
2020-07-31,ABBV,AbbVie,Health Care,80.12136015951677,0.14
2020-07-31,GOOGL,Alphabet Inc. (Class A),Communication Services,76.09857592316986,0.14
2020-07-31,MNST,Monster Beverage,Consumer Staples,74.6644540030399,0.14
2020-07-31,GOOG,Alphabet Inc. (Class C),Communication Services,75.847010519795,0.14
2020-07-31,KMB,Kimberly-Clark,Consumer Staples,73.01540652056848,0.14
2020-07-31,VRSN,Verisign,Information Technology,72.42952189477975,0.07127601071212718
2020-07-31,ORCL,Oracle Corporation,Information Technology,72.75590055944548,0.06756412716638266
2020-07-31,CDNS,Cadence Design Systems,Information Technology,73.60352286356257,0.0663690494515838
2020-07-31,ANET,Arista Networks,Information Technology,76.8818438588336,0.04863529308798187
2020-07-31,NVDA,Nvidia,Information Technology,74.00525507026116,0.04615551958192455
2020-08-31,ABBV,AbbVie,Health Care,72.40174954048103,0.11508755671749869
2020-08-31,MRK,Merck & Co.,Health Care,73.09108270673015,0.10873573874647714
2020-08-31,CDNS,Cadence Design Systems,Information Technology,72.96355137774063,0.10413720133125014
2020-08-31,GOOGL,Alphabet Inc. (Class A),Communication Services,74.39874339180385,0.10246284080015582
2020-08-31,PG,Procter & Gamble,Consumer Staples,73.81318049335958,0.10052884644459899
2020-08-31,KMB,Kimberly-Clark,Consumer Staples,72.76839096802131,0.10052884644459899
2020-08-31,DG,Dollar General,Consumer Staples,72.04059931838346,0.09894472935852218
2020-08-31,GOOG,Alphabet Inc. (Class C),Communication Services,72.86286195547473,0.0980439805656802
2020-08-31,AVGO,Broadcom,Information Technology,72.2030175447171,0.09535230186488951
2020-08-31,VRTX,Vertex Pharmaceuticals,Health Care,72.21704699340565,0.0761779577263283
2020-09-30,MRK,Merck & Co.,Health Care,71.58154285255645,0.12000000000000001
2020-09-30,PG,Procter & Gamble,Consumer Staples,70.9421076301973,0.12000000000000001
2020-09-30,KMB,Kimberly-Clark,Consumer Staples,69.01419128814959,0.12000000000000001
2020-09-30,ORLY,O'Reilly Automotive,Consumer Discretionary,68.44576789624566,0.10338630105246406
2020-09-30,CPRT,Copart,Industrials,72.00331483863465,0.1021369004528691
2020-09-30,ORCL,Oracle Corporation,Information Technology,70.11893782214094,0.10211595592614804
2020-09-30,TXN,Texas Instruments,Information Technology,68.38473607659907,0.0899367508214629
2020-09-30,ODFL,Old Dominion,Industrials,68.35129216267902,0.08776911053029238
2020-09-30,AVGO,Broadcom,Information Technology,70.04449213257229,0.07815921460925741
2020-09-30,GOOGL,Alphabet Inc. (Class A),Communication Services,68.57556356365652,0.07649576660750607
2020-10-30,PG,Procter & Gamble,Consumer Staples,71.6596029239106,0.12
2020-10-30,AWK,American Water Works,Utilities,68.66704205868555,0.1120218127225316
2020-10-30,CPRT,Copart,Industrials,73.76782359316124,0.11159523080452272
2020-10-30,PSA,Public Storage,Real Estate,66.84302877277881,0.11037112450811526
2020-10-30,SHW,Sherwin-Williams,Materials,66.91721163068259,0.10510502698225628
2020-10-30,GRMN,Garmin,Consumer Discretionary,67.04527196153019,0.10053887233499766
2020-10-30,ORCL,Oracle Corporation,Information Technology,68.00230621585457,0.0957749014582614
2020-10-30,ODFL,Old Dominion,Industrials,68.03985681913899,0.08883494011039185
2020-10-30,CMI,Cummins,Industrials,69.06841393165601,0.08716294225887936
2020-10-30,GOOGL,Alphabet Inc. (Class A),Communication Services,67.07749109498215,0.06859514882004382
2020-11-30,AWK,American Water Works,Utilities,67.50497883353603,0.12000139379788151
2020-11-30,ORCL,Oracle Corporation,Information Technology,67.97183169702062,0.12000139379788151
2020-11-30,PG,Procter & Gamble,Consumer Staples,70.56213243606992,0.11054098387934541
2020-11-30,CPRT,Copart,Industrials,73.9375674556722,0.10841090840955525
2020-11-30,WMT,Walmart,Consumer Staples,69.36445194931092,0.10418822973098725
2020-11-30,CMI,Cummins,Industrials,72.64199990039656,0.10093645456092258
2020-11-30,ODFL,Old Dominion,Industrials,67.37188898337452,0.09065526758416456
2020-11-30,MNST,Monster Beverage,Consumer Staples,67.69536594686468,0.08527341649935835
2020-11-30,GOOGL,Alphabet Inc. (Class A),Communication Services,68.31877769703804,0.0805839594300548
2020-11-30,GOOG,Alphabet Inc. (Class C),Communication Services,67.67410614302058,0.07940799230984862
2020-12-31,WMT,Walmart,Consumer Staples,68.84783032080624,0.12
2020-12-31,ORCL,Oracle Corporation,Information Technology,69.68273816579327,0.12
2020-12-31,MNST,Monster Beverage,Consumer Staples,68.98871475894316,0.11101654232093226
2020-12-31,CPRT,Copart,Industrials,72.31143890085967,0.10768663948686419
2020-12-31,CMI,Cummins,Industrials,69.87368558316467,0.103445056110863
2020-12-31,ERIE,Erie Indemnity,Financials,68.56159340366321,0.10146202029378644
2020-12-31,AVGO,Broadcom,Information Technology,68.027572950849,0.09409316681088184
2020-12-31,GOOG,Alphabet Inc. (Class C),Communication Services,70.20727549951914,0.0905115741317295
2020-12-31,GOOGL,Alphabet Inc. (Class A),Communication Services,69.10577573382093,0.08836196054426577
2020-12-31,ANET,Arista Networks,Information Technology,70.28524064984035,0.06342304030067704
2021-01-29,GOOGL,Alphabet Inc. (Class A),Communication Services,71.65972819384741,0.14
2021-01-29,GOOG,Alphabet Inc. (Class C),Communication Services,72.74665954342568,0.14
2021-01-29,PM,Philip Morris International,Consumer Staples,66.94913626510083,0.14
2021-01-29,JNJ,Johnson & Johnson,Health Care,67.98858034052294,0.14
2021-01-29,CPRT,Copart,Industrials,67.12059786147631,0.14
2021-01-29,ORCL,Oracle Corporation,Information Technology,72.75273732828202,0.07142608593882799
2021-01-29,APH,Amphenol,Information Technology,68.75081651276062,0.06732826649690374
2021-01-29,CSCO,Cisco,Information Technology,67.11449457565604,0.06641564272169644
2021-01-29,AVGO,Broadcom,Information Technology,72.29639949626566,0.055750658077393406
2021-01-29,ANET,Arista Networks,Information Technology,74.43795513991445,0.03907934676517847
2021-02-26,NDAQ,"Nasdaq, Inc.",Financials,69.26479776481442,0.12000030282133924
2021-02-26,TROW,T. Rowe Price,Financials,70.03759524015311,0.12000030282133924
2021-02-26,PM,Philip Morris International,Consumer Staples,66.9094580709436,0.12000030282133924
2021-02-26,ABBV,AbbVie,Health Care,66.79520517934834,0.12000030282133924
2021-02-26,GOOG,Alphabet Inc. (Class C),Communication Services,70.09816158638056,0.11119160327947929
2021-02-26,GOOGL,Alphabet Inc. (Class A),Communication Services,69.66485347953896,0.10880718543516386
2021-02-26,ORCL,Oracle Corporation,Information Technology,70.75266475284117,0.09562644031049458
2021-02-26,ANET,Arista Networks,Information Technology,70.42146831685568,0.07689988688009501
2021-02-26,AVGO,Broadcom,Information Technology,67.437894017286,0.06910659130318378
2021-02-26,FTNT,Fortinet,Information Technology,67.07066437512788,0.05836708150622653
2021-03-31,JNJ,Johnson & Johnson,Health Care,65.13182927377885,0.12
2021-03-31,PM,Philip Morris International,Consumer Staples,68.84077434326386,0.12
2021-03-31,DTE,DTE Energy,Utilities,67.28822269728106,0.11676118306153728
2021-03-31,NDAQ,"Nasdaq, Inc.",Financials,69.48757052806226,0.11167955753030127
2021-03-31,MO,Altria,Consumer Staples,66.98863055893504,0.108633617907693
2021-03-31,AFL,Aflac,Financials,65.82936581805257,0.10163737156542586
2021-03-31,TROW,T. Rowe Price,Financials,65.47010700288543,0.08387171282540591
2021-03-31,GOOG,Alphabet Inc. (Class C),Communication Services,70.98203563437862,0.08301823005571772
2021-03-31,GOOGL,Alphabet Inc. (Class A),Communication Services,70.12585759105883,0.07970684376311833
2021-03-31,ANET,Arista Networks,Information Technology,65.55748200551794,0.07469148329080062
2021-04-30,GOOGL,Alphabet Inc. (Class A),Communication Services,72.50841659296779,0.12635592340877885
2021-04-30,GOOG,Alphabet Inc. (Class C),Communication Services,73.251874112889,0.12635592340877885
2021-04-30,LRCX,Lam Research,Information Technology,71.04466061158242,0.12635592340877885
2021-04-30,ODFL,Old Dominion,Industrials,71.71442302017225,0.10584408002159854
2021-04-30,SNA,Snap-on,Industrials,71.52949829640845,0.10584408002159854
2021-04-30,FIX,Comfort Systems USA,Industrials,73.2538572261212,0.09876327900729659
2021-04-30,NDAQ,"Nasdaq, Inc.",Financials,70.56213973197481,0.08122462633940633
2021-04-30,KKR,KKR & Co.,Financials,70.44975097095814,0.07820306620867179
2021-04-30,GS,Goldman Sachs,Financials,72.40316586926947,0.07756666120405263
2021-04-30,MS,Morgan Stanley,Financials,73.38878954754023,0.07348643697103903
2021-05-28,GOOG,Alphabet Inc. (Class C),Communication Services,75.18750199147847,0.175
2021-05-28,GOOGL,Alphabet Inc. (Class A),Communication Services,73.54655532936285,0.175
2021-05-28,WSM,"Williams-Sonoma, Inc.",Consumer Discretionary,71.80675291729969,0.175
2021-05-28,EXPD,Expeditors International,Industrials,73.16019513411152,0.175
2021-05-28,NDAQ,"Nasdaq, Inc.",Financials,74.04456614871836,0.05606779918987649
2021-05-28,GS,Goldman Sachs,Financials,78.22816391368058,0.05443672532056033
2021-05-28,KKR,KKR & Co.,Financials,74.39983598567103,0.05360995280222815
2021-05-28,MS,Morgan Stanley,Financials,73.8846640610856,0.04693723511612439
2021-05-28,TROW,T. Rowe Price,Financials,72.32335257004905,0.045318565962288074
2021-05-28,BX,Blackstone Inc.,Financials,72.4748262830941,0.04362972160892256
2021-06-30,GOOG,Alphabet Inc. (Class C),Communication Services,78.8341199589484,0.12649035181190763
2021-06-30,GOOGL,Alphabet Inc. (Class A),Communication Services,77.90799272155844,0.12649035181190763
2021-06-30,EXR,Extra Space Storage,Real Estate,74.81904094217913,0.12649035181190763
2021-06-30,FTNT,Fortinet,Information Technology,74.1601201605109,0.11645450893311417
2021-06-30,NVDA,Nvidia,Information Technology,77.31508366846946,0.10074105280507367
2021-06-30,LRCX,Lam Research,Information Technology,75.90081075281329,0.09305118484518139
2021-06-30,NDAQ,"Nasdaq, Inc.",Financials,74.0865701456586,0.08622176449275099
2021-06-30,TROW,T. Rowe Price,Financials,74.14476318072735,0.08511776130426081
2021-06-30,GS,Goldman Sachs,Financials,77.25394743105272,0.0744201353820201
2021-06-30,MS,Morgan Stanley,Financials,72.80553763245963,0.06452253680187604
2021-07-30,GOOGL,Alphabet Inc. (Class A),Communication Services,79.20376404271114,0.12000025196099766
2021-07-30,GOOG,Alphabet Inc. (Class C),Communication Services,78.77910265960257,0.12000025196099766
2021-07-30,CPRT,Copart,Industrials,77.49975286390544,0.12000025196099766
2021-07-30,EXR,Extra Space Storage,Real Estate,76.45402988333791,0.12000025196099766
2021-07-30,EXPD,Expeditors International,Industrials,73.76376885266332,0.12000025196099766
2021-07-30,NVDA,Nvidia,Information Technology,78.21036619780259,0.09999874019501165
2021-07-30,MCO,Moody's Corporation,Financials,73.195152206231,0.08747179063753713
2021-07-30,NDAQ,"Nasdaq, Inc.",Financials,73.86756318276025,0.08562132708487764
2021-07-30,TROW,T. Rowe Price,Financials,74.85651686552434,0.06695868993076291
2021-07-30,GS,Goldman Sachs,Financials,75.20653506980565,0.059948192346822284
2021-08-31,GOOGL,Alphabet Inc. (Class A),Communication Services,79.1538297377281,0.12000025333323638
2021-08-31,GOOG,Alphabet Inc. (Class C),Communication Services,79.03589421354027,0.12000025333323638
2021-08-31,RVTY,Revvity,Health Care,75.8241153802063,0.12000025333323638
2021-08-31,EXR,Extra Space Storage,Real Estate,77.18143968197909,0.12000025333323638
2021-08-31,REGN,Regeneron Pharmaceuticals,Health Care,75.69039101091563,0.12000025333323638
2021-08-31,ADBE,Adobe Inc.,Information Technology,78.97132078261046,0.10039931654074796
2021-08-31,DECK,Deckers Brands,Consumer Discretionary,75.98098797194756,0.09999873333381808
2021-08-31,FTNT,Fortinet,Information Technology,78.30958880560132,0.07273972455070958
2021-08-31,MPWR,Monolithic Power Systems,Information Technology,76.14314783815526,0.06979302863223327
2021-08-31,NVDA,Nvidia,Information Technology,82.59317121554461,0.05706793027630917
2021-09-30,GOOGL,Alphabet Inc. (Class A),Communication Services,78.47539939044653,0.1264767798836292
2021-09-30,GOOG,Alphabet Inc. (Class C),Communication Services,78.11120297847405,0.1264767798836292
2021-09-30,RVTY,Revvity,Health Care,76.70964587324598,0.1264767798836292
2021-09-30,MPWR,Monolithic Power Systems,Information Technology,76.83334485554411,0.11567279038358959
2021-09-30,FTNT,Fortinet,Information Technology,81.80876785799984,0.10552156546033786
2021-09-30,NDAQ,"Nasdaq, Inc.",Financials,79.49266953281622,0.09450222529972033
2021-09-30,NVDA,Nvidia,Information Technology,80.84644383635236,0.08907306956508759
2021-09-30,GS,Goldman Sachs,Financials,77.27422599683649,0.07737070546560186
2021-09-30,MS,Morgan Stanley,Financials,76.0826133004768,0.0747945728426445
2021-09-30,BX,Blackstone Inc.,Financials,79.04083883110181,0.06363473133213056
2021-10-29,GS,Goldman Sachs,Financials,75.96027460912376,0.12000027256056162
2021-10-29,TSCO,Tractor Supply,Consumer Discretionary,76.2458207000751,0.12000027256056162
2021-10-29,TRGP,Targa Resources,Energy,73.88404399833138,0.12000027256056162
2021-10-29,GOOGL,Alphabet Inc. (Class A),Communication Services,74.18443942096549,0.12000027256056162
2021-10-29,NDAQ,"Nasdaq, Inc.",Financials,75.50072688073371,0.12000027256056162
2021-10-29,WSM,"Williams-Sonoma, Inc.",Consumer Discretionary,76.27489523374197,0.09999863719719199
2021-10-29,AVGO,Broadcom,Information Technology,74.63310999666444,0.09667324742872078
2021-10-29,FTNT,Fortinet,Information Technology,77.27668785181527,0.07152476204075607
2021-10-29,KLAC,KLA Corporation,Information Technology,73.52044171948955,0.06975231391789605
2021-10-29,NVDA,Nvidia,Information Technology,77.2413355045491,0.06204967661262708
2021-11-30,AVGO,Broadcom,Information Technology,79.27483305035173,0.12666728324821566
2021-11-30,TSCO,Tractor Supply,Consumer Discretionary,81.29021001680849,0.113752386340395
2021-11-30,ORLY,O'Reilly Automotive,Consumer Discretionary,77.26182200353816,0.113752386340395
2021-11-30,LOW,Lowe's,Consumer Discretionary,79.80680671054652,0.113752386340395
2021-11-30,LRCX,Lam Research,Information Technology,77.22260102430832,0.10908736018128061
2021-11-30,FTNT,Fortinet,Information Technology,82.8770074315042,0.10289418748934014
2021-11-30,KLAC,KLA Corporation,Information Technology,79.17949510748606,0.10263061449699994
2021-11-30,WSM,"Williams-Sonoma, Inc.",Consumer Discretionary,78.35186196728841,0.07790162724917034
2021-11-30,DECK,Deckers Brands,Consumer Discretionary,76.72068974650247,0.07021108978895566
2021-11-30,NVDA,Nvidia,Information Technology,77.98050156400124,0.06935067852485267
2021-12-31,EXR,Extra Space Storage,Real Estate,78.12903871452909,0.175
2021-12-31,LOW,Lowe's,Consumer Discretionary,77.72056666299301,0.175
2021-12-31,TSCO,Tractor Supply,Consumer Discretionary,77.4934540435534,0.175
2021-12-31,PLD,Prologis,Real Estate,77.68667871263506,0.175
2021-12-31,AVGO,Broadcom,Information Technology,79.24040486515862,0.0686289909372423
2021-12-31,LRCX,Lam Research,Information Technology,77.45750386687024,0.06000121583511074
2021-12-31,KLAC,KLA Corporation,Information Technology,78.58998470519467,0.05670312400888611
2021-12-31,FTNT,Fortinet,Information Technology,80.5390388728496,0.043330245324015686
2021-12-31,AMD,Advanced Micro Devices,Information Technology,76.23085547550363,0.036617200209319335
2021-12-31,NVDA,Nvidia,Information Technology,79.67427475811218,0.03471922368542582
2022-01-31,ADM,Archer Daniels Midland,Consumer Staples,75.82886106408517,0.14
2022-01-31,TRGP,Targa Resources,Energy,74.93226880987926,0.14
2022-01-31,BX,Blackstone Inc.,Financials,71.08390535024665,0.14
2022-01-31,TSN,Tyson Foods,Consumer Staples,73.77013726431936,0.14
2022-01-31,DVN,Devon Energy,Energy,73.20258877918783,0.14
2022-01-31,LITE,Lumentum,Information Technology,73.62578245939156,0.07532074068774636
2022-01-31,HPQ,HP Inc.,Information Technology,72.5482947079882,0.06945327800214222
2022-01-31,AVGO,Broadcom,Information Technology,76.12860052396967,0.06641836570634269
2022-01-31,KLAC,KLA Corporation,Information Technology,74.15038903450512,0.05057505995334056
2022-01-31,NVDA,Nvidia,Information Technology,75.48597583117514,0.03823255565042815
2022-02-28,ABBV,AbbVie,Health Care,73.2910617625133,0.12
2022-02-28,ADM,Archer Daniels Midland,Consumer Staples,74.40277556882904,0.12
2022-02-28,WRB,W. R. Berkley Corporation,Financials,72.72888656786729,0.12
2022-02-28,KEY,KeyCorp,Financials,72.9088153565416,0.10867964007562567
2022-02-28,TSN,Tyson Foods,Consumer Staples,73.98414100011185,0.10858202568977494
2022-02-28,COP,ConocoPhillips,Energy,74.7003584493956,0.10271357009575008
2022-02-28,EOG,EOG Resources,Energy,74.76467205088223,0.10233114891255508
2022-02-28,FANG,Diamondback Energy,Energy,76.15744481224105,0.0773838793857605
2022-02-28,CF,CF Industries,Materials,73.31848811403762,0.07199024220117493
2022-02-28,NUE,Nucor,Materials,75.03448555232951,0.0683194936393589
2022-03-31,REGN,Regeneron Pharmaceuticals,Health Care,76.22502820529667,0.12648722851655977
2022-03-31,ABBV,AbbVie,Health Care,74.86439949984148,0.12648722851655977
2022-03-31,ADM,Archer Daniels Midland,Consumer Staples,71.63633466202148,0.12648722851655977
2022-03-31,FCX,Freeport-McMoRan,Materials,75.81765686618765,0.11138110520429176
2022-03-31,NUE,Nucor,Materials,80.26651152239737,0.10865371600317336
2022-03-31,WMB,Williams Companies,Energy,72.23978963908128,0.09378141743534894
2022-03-31,CF,CF Industries,Materials,71.80424169854645,0.09021668443392886
2022-03-31,COP,ConocoPhillips,Energy,73.00953015658874,0.07994029063369232
2022-03-31,EOG,EOG Resources,Energy,72.81151997234187,0.07336087947287757
2022-03-31,FANG,Diamondback Energy,Energy,73.60217184859006,0.06320422126700784
2022-04-29,WY,Weyerhaeuser,Real Estate,72.96631921070576,0.12000015122988077
2022-04-29,ADM,Archer Daniels Midland,Consumer Staples,75.67776641848934,0.12000015122988077
2022-04-29,WMB,Williams Companies,Energy,71.44889523554691,0.12000015122988077
2022-04-29,REGN,Regeneron Pharmaceuticals,Health Care,77.58500558909547,0.10300806946742888
2022-04-29,ABBV,AbbVie,Health Care,74.3148083553535,0.10300806946742888
2022-04-29,NUE,Nucor,Materials,80.49058010511762,0.09924929523725469
2022-04-29,PFE,Pfizer,Health Care,70.90679298813127,0.09398386106514224
2022-04-29,CF,CF Industries,Materials,76.07127473646557,0.08277285830178792
2022-04-29,FCX,Freeport-McMoRan,Materials,71.54074659588318,0.0800470914725769
2022-04-29,DVN,Devon Energy,Energy,72.52643469154427,0.0779303012987383
2022-05-31,ADM,Archer Daniels Midland,Consumer Staples,73.6602154108197,0.1264775547602882
2022-05-31,NRG,NRG Energy,Utilities,75.587819241847,0.1264775547602882
2022-05-31,TPL,Texas Pacific Land Corporation,Energy,73.63836842893437,0.1264775547602882
2022-05-31,NUE,Nucor,Materials,77.68951155101709,0.11673873252195052
2022-05-31,CF,CF Industries,Materials,78.57347666597498,0.10901321162453573
2022-05-31,MOS,Mosaic Company (The),Materials,75.63491055040372,0.08451430070283623
2022-05-31,PFE,Pfizer,Health Care,75.33696512083378,0.08339188543900802
2022-05-31,REGN,Regeneron Pharmaceuticals,Health Care,77.88128209527223,0.07563640181026829
2022-05-31,MRK,Merck & Co.,Health Care,73.03855561960249,0.07563640181026829
2022-05-31,ABBV,AbbVie,Health Care,72.8433218901883,0.07563640181026829
2022-06-30,WRB,W. R. Berkley Corporation,Financials,73.37104955495637,0.12634191180783433
2022-06-30,CF,CF Industries,Materials,72.99972589849467,0.12634191180783433
2022-06-30,ATO,Atmos Energy,Utilities,71.59538599313984,0.12634191180783433
2022-06-30,ABBV,AbbVie,Health Care,73.752661922522,0.10864103636548021
2022-06-30,WMB,Williams Companies,Energy,72.26087770662775,0.10379411507681423
2022-06-30,MRK,Merck & Co.,Health Care,73.91668665515365,0.10112430246540051
2022-06-30,PFE,Pfizer,Health Care,76.10192209812334,0.10070741899868592
2022-06-30,MPC,Marathon Petroleum,Energy,71.91178919440917,0.07876597759247228
2022-06-30,TPL,Texas Pacific Land Corporation,Energy,76.86245189080758,0.06497168018227814
2022-06-30,COP,ConocoPhillips,Energy,72.38095967699532,0.06296973389536557
2022-07-29,ATO,Atmos Energy,Utilities,73.70190402715944,0.14
2022-07-29,SO,Southern Company,Utilities,73.39174774162296,0.14
2022-07-29,CF,CF Industries,Materials,71.45365125218443,0.14
2022-07-29,PFE,Pfizer,Health Care,72.5909646830641,0.14
2022-07-29,SNA,Snap-on,Industrials,71.90149193059581,0.14
2022-07-29,WMB,Williams Companies,Energy,71.02398354859594,0.08378965826969273
2022-07-29,MPC,Marathon Petroleum,Energy,70.43543223544171,0.06242647115250768
2022-07-29,TPL,Texas Pacific Land Corporation,Energy,79.45236929462175,0.06115209188886527
2022-07-29,EXE,Expand Energy,Energy,72.84689781678206,0.046980769088160894
2022-07-29,DVN,Devon Energy,Energy,72.098614227127,0.04565100960077349
2022-08-31,CMI,Cummins,Industrials,73.99864171379329,0.12000000000000001
2022-08-31,SO,Southern Company,Utilities,74.71965927592447,0.12000000000000001
2022-08-31,ULTA,Ulta Beauty,Consumer Discretionary,72.03342177177576,0.12000000000000001
2022-08-31,SNA,Snap-on,Industrials,71.78479934777145,0.12000000000000001
2022-08-31,ADM,Archer Daniels Midland,Consumer Staples,71.70745224914582,0.1136063482570353
2022-08-31,MPC,Marathon Petroleum,Energy,71.33921830399885,0.09026358586614205
2022-08-31,NUE,Nucor,Materials,71.51305216236781,0.08939263940602209
2022-08-31,CF,CF Industries,Materials,74.87420688369227,0.08601652371987537
2022-08-31,TPL,Texas Pacific Land Corporation,Energy,78.25252014193298,0.07841389719331461
2022-08-31,ON,ON Semiconductor,Information Technology,71.33137104181452,0.06230700555761065
2022-09-30,ORLY,O'Reilly Automotive,Consumer Discretionary,71.6294947136419,0.1200002354351256
2022-09-30,EME,Emcor,Industrials,71.38458411172859,0.1200002354351256
2022-09-30,ERIE,Erie Indemnity,Financials,68.917672658895,0.1200002354351256
2022-09-30,MRK,Merck & Co.,Health Care,70.951190264844,0.1200002354351256
2022-09-30,REGN,Regeneron Pharmaceuticals,Health Care,72.6975644368005,0.11461880978194722
2022-09-30,CF,CF Industries,Materials,67.03583781762909,0.10538024847755038
2022-09-30,MPC,Marathon Petroleum,Energy,77.34223388838222,0.08840599201172118
2022-09-30,COP,ConocoPhillips,Energy,73.4542757566877,0.07487441203583851
2022-09-30,VLO,Valero Energy,Energy,69.26097402399884,0.06850812650579212
2022-09-30,TPL,Texas Pacific Land Corporation,Energy,80.79825824594145,0.0682114694466481
2022-10-31,GS,Goldman Sachs,Financials,72.42082281340184,0.12634106039579185
2022-10-31,REGN,Regeneron Pharmaceuticals,Health Care,75.07621903405642,0.12634106039579185
2022-10-31,MRK,Merck & Co.,Health Care,71.9207758248265,0.12634106039579185
2022-10-31,PCAR,Paccar,Industrials,72.08789624078406,0.10708723198291327
2022-10-31,EME,Emcor,Industrials,76.5877927763504,0.10169341058868452
2022-10-31,CMI,Cummins,Industrials,73.66469108708887,0.10169341058868452
2022-10-31,MPC,Marathon Petroleum,Energy,76.93776640175756,0.09498419439412316
2022-10-31,COP,ConocoPhillips,Energy,75.13092068509113,0.07948659444095496
2022-10-31,FANG,Diamondback Energy,Energy,76.77868204554527,0.07440795482296457
2022-10-31,TPL,Texas Pacific Land Corporation,Energy,74.94484128140911,0.06162402199429951
2022-11-30,MPC,Marathon Petroleum,Energy,76.04295456369722,0.12615530730192268
2022-11-30,TPL,Texas Pacific Land Corporation,Energy,74.51061952025573,0.12615530730192268
2022-11-30,GS,Goldman Sachs,Financials,72.8387907393573,0.12615530730192268
2022-11-30,PCAR,Paccar,Industrials,74.32770661529877,0.10643698183056133
2022-11-30,EME,Emcor,Industrials,77.29168928947242,0.10503346414237731
2022-11-30,SNA,Snap-on,Industrials,73.34277066835308,0.09928593489606667
2022-11-30,MRK,Merck & Co.,Health Care,72.84235860166713,0.09448997231195148
2022-11-30,ABBV,AbbVie,Health Care,75.12294410837576,0.09418898621959707
2022-11-30,GILD,Gilead Sciences,Health Care,72.45560393459404,0.06921867318489425
2022-11-30,REGN,Regeneron Pharmaceuticals,Health Care,75.84591785551882,0.052880065508783915
2022-12-30,TPL,Texas Pacific Land Corporation,Energy,70.42860344959159,0.17500000000000004
2022-12-30,PM,Philip Morris International,Consumer Staples,75.16466681803672,0.17500000000000004
2022-12-30,EME,Emcor,Industrials,70.44594449414366,0.17500000000000004
2022-12-30,KO,Coca-Cola Company (The),Consumer Staples,72.22154166925986,0.17500000000000004
2022-12-30,INCY,Incyte,Health Care,79.90358297865858,0.057914083108799745
2022-12-30,ABBV,AbbVie,Health Care,79.44107212626074,0.05738919294971445
2022-12-30,MRK,Merck & Co.,Health Care,74.40148487665446,0.05738919294971445
2022-12-30,REGN,Regeneron Pharmaceuticals,Health Care,81.31622351734543,0.04733468597552317
2022-12-30,PFE,Pfizer,Health Care,73.12483074007237,0.04415882828502322
2022-12-30,GILD,Gilead Sciences,Health Care,73.20334664887585,0.035814016731224925
2023-01-31,NUE,Nucor,Materials,78.04726557689936,0.17500000000000002
2023-01-31,EME,Emcor,Industrials,73.99162464127481,0.17500000000000002
2023-01-31,MPC,Marathon Petroleum,Energy,72.99920731948168,0.17500000000000002
2023-01-31,REGN,Regeneron Pharmaceuticals,Health Care,73.29796227280507,0.17500000000000002
2023-01-31,AIG,American International Group,Financials,75.90263790088848,0.054943297483719226
2023-01-31,WTW,Willis Towers Watson,Financials,74.184435301641,0.054943297483719226
2023-01-31,CB,Chubb Limited,Financials,71.81473555956632,0.054943297483719226
2023-01-31,PFG,Principal Financial Group,Financials,72.87029219062504,0.046785404431010646
2023-01-31,GS,Goldman Sachs,Financials,71.45813062683163,0.045028896811828756
2023-01-31,RF,Regions Financial Corporation,Financials,72.32250999013635,0.043355806306002956
2023-02-28,AVGO,Broadcom,Information Technology,73.90515082804619,0.12642751716254802
2023-02-28,NUE,Nucor,Materials,77.17293912785401,0.12642751716254802
2023-02-28,NVR,"NVR, Inc.",Consumer Discretionary,71.91522445967817,0.12642751716254802
2023-02-28,CPRT,Copart,Industrials,77.80262204415098,0.10717760941667284
2023-02-28,SNA,Snap-on,Industrials,72.20496985912288,0.10717760941667284
2023-02-28,BLDR,Builders FirstSource,Industrials,73.48888956623664,0.09598724100149501
2023-02-28,V,Visa Inc.,Financials,79.07339176223356,0.08139487202412297
2023-02-28,AIG,American International Group,Financials,74.18652102328197,0.08139487202412297
2023-02-28,PFG,Principal Financial Group,Financials,75.35393528326011,0.07380272123225341
2023-02-28,MA,Mastercard,Financials,71.85670716007306,0.0737825233970159
2023-03-31,CPRT,Copart,Industrials,80.03917588151774,0.175
2023-03-31,NVR,"NVR, Inc.",Consumer Discretionary,73.25779528825419,0.175
2023-03-31,BLDR,Builders FirstSource,Industrials,73.94493523630454,0.175
2023-03-31,NUE,Nucor,Materials,73.10725219775001,0.175
2023-03-31,AVGO,Broadcom,Information Technology,82.82362454736379,0.06142122414453405
2023-03-31,ADI,Analog Devices,Information Technology,75.59675491318104,0.05822599497491265
2023-03-31,MCHP,Microchip Technology,Information Technology,76.13746233056305,0.04833334588081912
2023-03-31,ANET,Arista Networks,Information Technology,75.55251094109458,0.046374070162037276
2023-03-31,KLAC,KLA Corporation,Information Technology,75.36555639457724,0.04361273668241226
2023-03-31,LRCX,Lam Research,Information Technology,77.70612254629779,0.04203262815528462
2023-04-28,NVR,"NVR, Inc.",Consumer Discretionary,73.29878414519061,0.1733602691279945
2023-04-28,CPRT,Copart,Industrials,80.07186136599171,0.13783684152951964
2023-04-28,PCAR,Paccar,Industrials,71.16896950729121,0.13783684152951964
2023-04-28,BLDR,Builders FirstSource,Industrials,71.8037848053319,0.13783684152951964
2023-04-28,AVGO,Broadcom,Information Technology,80.63136046237848,0.0867630051024568
2023-04-28,VRSN,Verisign,Information Technology,70.42942126493678,0.0867630051024568
2023-04-28,ADI,Analog Devices,Information Technology,71.78009690686525,0.07195681327245343
2023-04-28,ANET,Arista Networks,Information Technology,75.1963071154634,0.06434685386611434
2023-04-28,KLAC,KLA Corporation,Information Technology,72.53468471584647,0.0533384506387128
2023-04-28,LRCX,Lam Research,Information Technology,74.83099438742319,0.049961078301252335
2023-05-31,CPRT,Copart,Industrials,76.37521289323423,0.17310414427754184
2023-05-31,ANET,Arista Networks,Information Technology,74.8178192186093,0.10682185754155275
2023-05-31,AVGO,Broadcom,Information Technology,75.80186827297086,0.10214921035130638
2023-05-31,LRCX,Lam Research,Information Technology,78.53675681829912,0.10214921035130638
2023-05-31,KLAC,KLA Corporation,Information Technology,76.06900657800873,0.10214921035130638
2023-05-31,DHI,D. R. Horton,Consumer Discretionary,73.920438403005,0.09050381708407104
2023-05-31,NVR,"NVR, Inc.",Consumer Discretionary,79.11374013674333,0.08586283541404098
2023-05-31,PHM,PulteGroup,Consumer Discretionary,75.30667417972994,0.08586283541404098
2023-05-31,DECK,Deckers Brands,Consumer Discretionary,76.33433537788196,0.07679412794909897
2023-05-31,CMG,Chipotle Mexican Grill,Consumer Discretionary,75.22875278480495,0.07460275126573439
2023-06-30,NVR,"NVR, Inc.",Consumer Discretionary,75.11404966732631,0.12000013838620147
2023-06-30,DECK,Deckers Brands,Consumer Discretionary,71.85330373581647,0.12000013838620147
2023-06-30,V,Visa Inc.,Financials,71.35625065728703,0.12000013838620147
2023-06-30,NUE,Nucor,Materials,69.58062475147827,0.11598142365456894
2023-06-30,LRCX,Lam Research,Information Technology,71.473513474736,0.11519889390634891
2023-06-30,KLAC,KLA Corporation,Information Technology,68.95256163850001,0.10881926728047774
2023-06-30,CPRT,Copart,Industrials,76.34707968554467,0.077860685412357
2023-06-30,FAST,Fastenal,Industrials,69.87428147876157,0.07606546322819699
2023-06-30,CTAS,Cintas,Industrials,69.60216380280842,0.07581388281734562
2023-06-30,GE,GE Aerospace,Industrials,68.95922813640453,0.07025996854210038
2023-07-31,CPRT,Copart,Industrials,75.61769438074396,0.12649384414613507
2023-07-31,V,Visa Inc.,Financials,71.37250350847508,0.12649384414613507
2023-07-31,FAST,Fastenal,Industrials,72.1205233851877,0.12649384414613507
2023-07-31,KLAC,KLA Corporation,Information Technology,74.10393112732791,0.10486480913755857
2023-07-31,LRCX,Lam Research,Information Technology,74.07449977413584,0.10327809099971343
2023-07-31,AVGO,Broadcom,Information Technology,74.33534424893563,0.10209852488924977
2023-07-31,NVR,"NVR, Inc.",Consumer Discretionary,76.98059729036137,0.08822053915749978
2023-07-31,DHI,D. R. Horton,Consumer Discretionary,71.51136033880337,0.07823812316949609
2023-07-31,CMG,Chipotle Mexican Grill,Consumer Discretionary,71.36381391808001,0.07285041494600779
2023-07-31,DECK,Deckers Brands,Consumer Discretionary,74.74593238304922,0.07096796526206949
2023-08-31,CPRT,Copart,Industrials,72.44922388728125,0.35000000000000003
2023-08-31,VRTX,Vertex Pharmaceuticals,Health Care,71.7474109433267,0.35000000000000003
2023-08-31,TRGP,Targa Resources,Energy,72.68097022574737,0.04580870483739751
2023-08-31,FANG,Diamondback Energy,Energy,74.13217105748517,0.04252394699038068
2023-08-31,COP,ConocoPhillips,Energy,75.55859670036097,0.038922998461523896
2023-08-31,MPC,Marathon Petroleum,Energy,74.44909265041171,0.038088175131187126
2023-08-31,PSX,Phillips 66,Energy,74.7673143156052,0.03543378270673256
2023-08-31,EOG,EOG Resources,Energy,71.38517894787388,0.03327242733327563
2023-08-31,EXE,Expand Energy,Energy,72.63385236881966,0.0330186533327569
2023-08-31,VLO,Valero Energy,Energy,74.79249181571478,0.03293131120674576
2023-09-29,VRTX,Vertex Pharmaceuticals,Health Care,79.8409505217773,0.12000030855875228
2023-09-29,V,Visa Inc.,Financials,73.85672632402395,0.12000030855875228
2023-09-29,MA,Mastercard,Financials,70.1676470864671,0.12000030855875228
2023-09-29,WMT,Walmart,Consumer Staples,67.68637381917316,0.12000030855875228
2023-09-29,ABBV,AbbVie,Health Care,69.91367545582115,0.11069957163079905
2023-09-29,CMCSA,Comcast,Communication Services,69.15053852923673,0.10929919413419191
2023-09-29,ROP,Roper Technologies,Information Technology,68.93958592995789,0.09901666078882194
2023-09-29,NTAP,NetApp,Information Technology,67.97463342058859,0.0825971314613727
2023-09-29,CSCO,Cisco,Information Technology,68.9662908267647,0.07478263570261355
2023-09-29,AVGO,Broadcom,Information Technology,68.0828863483433,0.04360357204719181
2023-10-31,V,Visa Inc.,Financials,74.26783774980325,0.1264794885535696
2023-10-31,WMT,Walmart,Consumer Staples,68.35964555825623,0.1264794885535696
2023-10-31,PG,Procter & Gamble,Consumer Staples,69.37603867088916,0.1264794885535696
2023-10-31,VRTX,Vertex Pharmaceuticals,Health Care,80.43875703096441,0.1142938051244401
2023-10-31,UNH,UnitedHealth Group,Health Care,69.64883333788447,0.10390207153914685
2023-10-31,ROP,Roper Technologies,Information Technology,70.48898443141812,0.09793727823689474
2023-10-31,HUM,Humana,Health Care,68.60707884060695,0.09210235908961206
2023-10-31,CSCO,Cisco,Information Technology,73.79398891970087,0.08917138985896732
2023-10-31,NTAP,NetApp,Information Technology,69.39119777717313,0.08111770676982288
2023-10-31,AVGO,Broadcom,Information Technology,68.7607968194389,0.04203692372040728
2023-11-30,PCAR,Paccar,Industrials,72.61017804940411,0.17307751464352053
2023-11-30,VLO,Valero Energy,Energy,72.76927683970275,0.11346707295968383
2023-11-30,FANG,Diamondback Energy,Energy,72.30987435060354,0.10005669557511006
2023-11-30,PSX,Phillips 66,Energy,73.49738105487666,0.10005669557511006
2023-11-30,MPC,Marathon Petroleum,Energy,73.44041297585629,0.10005669557511006
2023-11-30,V,Visa Inc.,Financials,77.24475106977471,0.086309052606753
2023-11-30,AFL,Aflac,Financials,75.73883485370546,0.086309052606753
2023-11-30,CME,CME Group,Financials,75.46255490822278,0.086309052606753
2023-11-30,AIG,American International Group,Financials,72.92712445313809,0.07935595756843307
2023-11-30,WRB,W. R. Berkley Corporation,Financials,76.1173786442015,0.07500221028277346
2023-12-29,PCAR,Paccar,Industrials,75.96670325502633,0.1467762693552834
2023-12-29,FAST,Fastenal,Industrials,71.65799666342843,0.1467762693552834
2023-12-29,AVGO,Broadcom,Information Technology,71.82478547307096,0.11936325069663775
2023-12-29,NVDA,Nvidia,Information Technology,72.3953026184548,0.11936325069663775
2023-12-29,ANET,Arista Networks,Information Technology,73.7720163855731,0.1144051958098194
2023-12-29,CME,CME Group,Financials,72.13034110035672,0.07922510248020835
2023-12-29,V,Visa Inc.,Financials,76.54200587626025,0.07391622137613194
2023-12-29,AFL,Aflac,Financials,71.45200305644025,0.07391622137613194
2023-12-29,WRB,W. R. Berkley Corporation,Financials,75.06313501074078,0.06769974719731084
2023-12-29,ERIE,Erie Indemnity,Financials,74.63163565578854,0.0585584716565552
2024-01-31,NVDA,Nvidia,Information Technology,71.78760262294446,0.14
2024-01-31,PCAR,Paccar,Industrials,73.25568799518108,0.14
2024-01-31,NOW,ServiceNow,Information Technology,70.16865329410145,0.14
2024-01-31,NUE,Nucor,Materials,70.70498355278868,0.14
2024-01-31,CMG,Chipotle Mexican Grill,Consumer Discretionary,70.23394818070116,0.14
2024-01-31,V,Visa Inc.,Financials,76.89891493174335,0.06550566876633901
2024-01-31,JPM,JPMorgan Chase,Financials,70.3362540998122,0.06550566876633901
2024-01-31,MA,Mastercard,Financials,72.78368802746549,0.06550566876633901
2024-01-31,ERIE,Erie Indemnity,Financials,74.616835193168,0.055692783438294244
2024-01-31,WRB,W. R. Berkley Corporation,Financials,71.95041539734393,0.047790210262688704
2024-02-29,ANET,Arista Networks,Information Technology,71.41145999316936,0.175
2024-02-29,PCAR,Paccar,Industrials,73.57953631270216,0.175
2024-02-29,AOS,A. O. Smith,Industrials,70.72353359115668,0.175
2024-02-29,CMG,Chipotle Mexican Grill,Consumer Discretionary,69.34629574307736,0.175
2024-02-29,HIG,Hartford (The),Financials,69.4520097698728,0.054104870070530074
2024-02-29,V,Visa Inc.,Financials,76.64337855676935,0.053771912987503785
2024-02-29,JPM,JPMorgan Chase,Financials,74.18192166744181,0.053771912987503785
2024-02-29,CB,Chubb Limited,Financials,69.57429120807255,0.053771912987503785
2024-02-29,MA,Mastercard,Financials,70.27745905786047,0.04987946558271293
2024-02-29,ACGL,Arch Capital Group,Financials,69.80107247970973,0.034699925384245614
2024-03-28,AOS,A. O. Smith,Industrials,71.25555773781377,0.14677001810486806
2024-03-28,PCAR,Paccar,Industrials,72.05371736193392,0.14677001810486806
2024-03-28,LRCX,Lam Research,Information Technology,71.45875560441911,0.12478967134506751
2024-03-28,ANET,Arista Networks,Information Technology,75.25996954111261,0.11912898104422527
2024-03-28,AVGO,Broadcom,Information Technology,71.79860129545145,0.10921958609421452
2024-03-28,ACGL,Arch Capital Group,Financials,74.51198862459164,0.07872518695759313
2024-03-28,V,Visa Inc.,Financials,77.11424308392472,0.0714031844469099
2024-03-28,JPM,JPMorgan Chase,Financials,75.04206353321673,0.0714031844469099
2024-03-28,MA,Mastercard,Financials,71.92562051895622,0.0714031844469099
2024-03-28,WRB,W. R. Berkley Corporation,Financials,70.82603504978391,0.060386985008433626
2024-04-30,PEG,Public Service Enterprise Group,Utilities,71.69271803036517,0.12000026802475987
2024-04-30,MLM,Martin Marietta Materials,Materials,69.78000004281665,0.12000026802475987
2024-04-30,CTAS,Cintas,Industrials,69.15612971801144,0.12000026802475987
2024-04-30,ETR,Entergy,Utilities,70.37685904482939,0.12000026802475987
2024-04-30,VLO,Valero Energy,Energy,70.72446420118564,0.112305363722795
2024-04-30,TPL,Texas Pacific Land Corporation,Energy,69.1185452399314,0.10769356417816549
2024-04-30,V,Visa Inc.,Financials,72.56968474094758,0.08963277511211247
2024-04-30,JPM,JPMorgan Chase,Financials,69.45575914657542,0.0788664635053696
2024-04-30,ACGL,Arch Capital Group,Financials,68.99318030597294,0.07196019105753318
2024-04-30,SYF,Synchrony Financial,Financials,70.6797888563929,0.05954057032498478
2024-05-31,PEG,Public Service Enterprise Group,Utilities,74.81089143117534,0.1467728489660933
2024-05-31,NFLX,Netflix,Communication Services,70.24947266505565,0.1467728489660933
2024-05-31,EOG,EOG Resources,Energy,68.75090833676548,0.12004078555605054
2024-05-31,FANG,Diamondback Energy,Energy,70.85620120938974,0.12004078555605054
2024-05-31,VLO,Valero Energy,Energy,69.50783137107123,0.1132374546269245
2024-05-31,WFC,Wells Fargo,Financials,70.23905965404266,0.08526170245509172
2024-05-31,V,Visa Inc.,Financials,71.97942221059509,0.08200638278503229
2024-05-31,ACGL,Arch Capital Group,Financials,73.34664466505048,0.06847198701672372
2024-05-31,ERIE,Erie Indemnity,Financials,69.81450323169832,0.06692283494357584
2024-05-31,SYF,Synchrony Financial,Financials,69.19208070409306,0.05047236912836437
2024-06-28,ACGL,Arch Capital Group,Financials,74.44211899047018,0.12647686689971538
2024-06-28,PEG,Public Service Enterprise Group,Utilities,72.89086772588533,0.12647686689971538
2024-06-28,MO,Altria,Consumer Staples,70.93046677875179,0.12647686689971538
2024-06-28,GDDY,GoDaddy,Information Technology,70.08204087380606,0.11758785924560032
2024-06-28,FOX,Fox Corporation (Class B),Communication Services,70.14657596241999,0.1151513104216655
2024-06-28,NFLX,Netflix,Communication Services,73.1400127920791,0.1010037780721318
2024-06-28,META,Meta Platforms,Communication Services,71.82708994178599,0.09414701797051578
2024-06-28,LRCX,Lam Research,Information Technology,71.54957457384472,0.07883718406958354
2024-06-28,ANET,Arista Networks,Information Technology,75.1756152466993,0.06509669637933489
2024-06-28,NVDA,Nvidia,Information Technology,70.36628138530496,0.04874555314202206
2024-07-31,VRTX,Vertex Pharmaceuticals,Health Care,75.46516454596996,0.12000035518167598
2024-07-31,MO,Altria,Consumer Staples,74.66347325631665,0.12000035518167598
2024-07-31,SPG,Simon Property Group,Real Estate,68.74092556900409,0.12000035518167598
2024-07-31,REGN,Regeneron Pharmaceuticals,Health Care,72.06602144024104,0.12000035518167598
2024-07-31,PM,Philip Morris International,Consumer Staples,70.07663442855193,0.12000035518167598
2024-07-31,ANET,Arista Networks,Information Technology,68.89409097448878,0.09999822409162004
2024-07-31,ATO,Atmos Energy,Utilities,74.71797232278067,0.08068708039245685
2024-07-31,SO,Southern Company,Utilities,69.77937805842022,0.07947285230375238
2024-07-31,SRE,Sempra,Utilities,70.89234784705914,0.07106701425960499
2024-07-31,PEG,Public Service Enterprise Group,Utilities,73.03825045484935,0.06877305304418571
2024-08-30,REGN,Regeneron Pharmaceuticals,Health Care,73.98403114209077,0.12643258501048385
2024-08-30,JNJ,Johnson & Johnson,Health Care,74.19580448142072,0.12643258501048385
2024-08-30,UDR,"UDR, Inc.",Real Estate,70.99557466274142,0.12643258501048385
2024-08-30,ATO,Atmos Energy,Utilities,75.67452045861309,0.10757546630605085
2024-08-30,PEG,Public Service Enterprise Group,Utilities,73.49582639596578,0.10204741768417437
2024-08-30,SRE,Sempra,Utilities,70.65742405810059,0.10071185853862379
2024-08-30,KO,Coca-Cola Company (The),Consumer Staples,71.50993781210992,0.08630928216735984
2024-08-30,PM,Philip Morris International,Consumer Staples,75.99395224881316,0.07785342473839994
2024-08-30,MO,Altria,Consumer Staples,79.00914999788348,0.07486403729614491
2024-08-30,CL,Colgate-Palmolive,Consumer Staples,71.24036889873364,0.0713407582377947
2024-09-30,JNJ,Johnson & Johnson,Health Care,71.52851843184457,0.14675112174691005
2024-09-30,UDR,"UDR, Inc.",Real Estate,70.70392127533185,0.14675112174691005
2024-09-30,PM,Philip Morris International,Consumer Staples,75.0892469369766,0.11777991585635636
2024-09-30,MO,Altria,Consumer Staples,77.05906065756925,0.11777991585635636
2024-09-30,KO,Coca-Cola Company (The),Consumer Staples,70.98581314623267,0.11777991585635636
2024-09-30,ATO,Atmos Energy,Utilities,76.5787902709125,0.08330876431050524
2024-09-30,NI,NiSource,Utilities,70.41603714140942,0.07985765379498168
2024-09-30,PEG,Public Service Enterprise Group,Utilities,73.0767354959198,0.06437315323073771
2024-09-30,XEL,Xcel Energy,Utilities,71.98829625406023,0.06352267197683055
2024-09-30,ETR,Entergy,Utilities,72.59523662106844,0.06209576562405556
2024-10-31,SPG,Simon Property Group,Real Estate,69.4444373535141,0.1200121425202434
2024-10-31,CMCSA,Comcast,Communication Services,69.35535789985077,0.1162685631370643
2024-10-31,URI,United Rentals,Industrials,69.44838645563365,0.10303684549401282
2024-10-31,CINF,Cincinnati Financial,Financials,70.61144382241652,0.10224083181019458
2024-10-31,META,Meta Platforms,Communication Services,70.50197327816038,0.10129884784748096
2024-10-31,V,Visa Inc.,Financials,69.43450209217808,0.10092180505020469
2024-10-31,PNC,PNC Financial Services,Financials,70.52233893539234,0.09686706516523944
2024-10-31,EME,Emcor,Industrials,70.76079149762205,0.0913135571790521
2024-10-31,ANET,Arista Networks,Information Technology,75.05229903986029,0.08557806645456613
2024-10-31,NFLX,Netflix,Communication Services,71.12835572923471,0.08246227534194166
2024-11-29,SPG,Simon Property Group,Real Estate,73.89028671037191,0.14
2024-11-29,ANET,Arista Networks,Information Technology,72.925448374733,0.14
2024-11-29,NFLX,Netflix,Communication Services,70.21688344596882,0.14
2024-11-29,EME,Emcor,Industrials,70.09020567217303,0.14
2024-11-29,SNA,Snap-on,Industrials,69.68016233422225,0.14
2024-11-29,V,Visa Inc.,Financials,70.1451309423658,0.06468638763284518
2024-11-29,BNY,BNY Mellon,Financials,71.81447783815949,0.06330615505232833
2024-11-29,MA,Mastercard,Financials,69.81162425760047,0.06330615505232833
2024-11-29,CINF,Cincinnati Financial,Financials,71.61433878265944,0.05779255171614107
2024-11-29,PNC,PNC Financial Services,Financials,71.53219592299055,0.05090875054635708
2024-12-31,ANET,Arista Networks,Information Technology,73.9109339966392,0.17500000000000002
2024-12-31,NFLX,Netflix,Communication Services,72.19798316301869,0.17500000000000002
2024-12-31,SNA,Snap-on,Industrials,70.09047674440971,0.17500000000000002
2024-12-31,EME,Emcor,Industrials,71.21271292937254,0.17500000000000002
2024-12-31,V,Visa Inc.,Financials,74.92931168274929,0.053378190261645
2024-12-31,MA,Mastercard,Financials,71.94723381606346,0.053378190261645
2024-12-31,BNY,BNY Mellon,Financials,71.20950422539448,0.053378190261645
2024-12-31,CME,CME Group,Financials,71.27838002279219,0.053378190261645
2024-12-31,PNC,PNC Financial Services,Financials,71.45549066122817,0.04417053351222429
2024-12-31,CINF,Cincinnati Financial,Financials,70.27950307596241,0.04231670544119576
2025-01-31,SNA,Snap-on,Industrials,75.03058912321427,0.12000026470668997
2025-01-31,ORLY,O'Reilly Automotive,Consumer Discretionary,70.82106806239634,0.12000026470668997
2025-01-31,SPG,Simon Property Group,Real Estate,69.648482960788,0.12000026470668997
2025-01-31,FOX,Fox Corporation (Class B),Communication Services,70.85169133523365,0.11811036743976665
2025-01-31,V,Visa Inc.,Financials,78.09773658226014,0.10045855612282559
2025-01-31,CME,CME Group,Financials,71.54158169966945,0.10045855612282559
2025-01-31,MA,Mastercard,Financials,70.95356772519355,0.09908288775434881
2025-01-31,META,Meta Platforms,Communication Services,72.69735338707329,0.0924342466250157
2025-01-31,NFLX,Netflix,Communication Services,73.60324802682429,0.087192072529529
2025-01-31,ANET,Arista Networks,Information Technology,72.03335261786097,0.04226251928561875
2025-02-28,NFLX,Netflix,Communication Services,74.45100960855522,0.23333333333333328
2025-02-28,META,Meta Platforms,Communication Services,73.60550540382407,0.23333333333333328
2025-02-28,MO,Altria,Consumer Staples,71.1072303751452,0.23333333333333328
2025-02-28,V,Visa Inc.,Financials,82.52289632846471,0.04857975373794124
2025-02-28,MA,Mastercard,Financials,74.20885744942252,0.04857975373794124
2025-02-28,CME,CME Group,Financials,74.01402108025208,0.047653179884690935
2025-02-28,PNC,PNC Financial Services,Financials,73.25240474596436,0.043199071433862715
2025-02-28,JPM,JPMorgan Chase,Financials,71.4501690861396,0.04229037757051464
2025-02-28,NTRS,Northern Trust,Financials,71.12644498719307,0.039740912862410605
2025-02-28,SYF,Synchrony Financial,Financials,73.87153198988578,0.02995695077263857
2025-03-31,MO,Altria,Consumer Staples,77.1027775827799,0.14678818412812852
2025-03-31,FOX,Fox Corporation (Class B),Communication Services,68.60684397104598,0.14678818412812852
2025-03-31,BKR,Baker Hughes,Energy,68.77050884727593,0.11908396691619838
2025-03-31,EOG,EOG Resources,Energy,74.60327118838823,0.11908396691619838
2025-03-31,TPL,Texas Pacific Land Corporation,Energy,72.26941230603829,0.11513646962899313
2025-03-31,V,Visa Inc.,Financials,79.803815598077,0.07545400030744621
2025-03-31,CME,CME Group,Financials,73.6628317440842,0.07545400030744621
2025-03-31,MA,Mastercard,Financials,69.66335977399474,0.07153109365258652
2025-03-31,PGR,Progressive Corporation,Financials,69.99184154845013,0.06994808038931392
2025-03-31,CINF,Cincinnati Financial,Financials,69.94937789678721,0.060732053625560244
2025-04-30,MO,Altria,Consumer Staples,80.20262640868619,0.23333333333333334
2025-04-30,NFLX,Netflix,Communication Services,73.61469498910101,0.23333333333333334
2025-04-30,PM,Philip Morris International,Consumer Staples,68.43070798331496,0.23333333333333334
2025-04-30,CME,CME Group,Financials,74.98635118016543,0.050227895520068726
2025-04-30,V,Visa Inc.,Financials,78.33919302484128,0.045062670157159104
2025-04-30,HIG,Hartford (The),Financials,68.11405121068132,0.04297281569218719
2025-04-30,WRB,W. R. Berkley Corporation,Financials,69.94588051452334,0.042280200373125694
2025-04-30,AFL,Aflac,Financials,67.92343889671474,0.042053862084131706
2025-04-30,MA,Mastercard,Financials,68.65908378857577,0.039471292907000396
2025-04-30,PGR,Progressive Corporation,Financials,68.87306418752641,0.037931263266327196
2025-05-30,UBER,Uber,Industrials,71.7281210838488,0.12615031837575427
2025-05-30,NFLX,Netflix,Communication Services,75.2710785398867,0.12615031837575427
2025-05-30,VRSN,Verisign,Information Technology,70.93406560693042,0.12615031837575427
2025-05-30,MO,Altria,Consumer Staples,77.28075814445742,0.10451910761386189
2025-05-30,MNST,Monster Beverage,Consumer Staples,70.54950556747944,0.10451910761386189
2025-05-30,PM,Philip Morris International,Consumer Staples,69.23401496942499,0.10174687362831673
2025-05-30,CME,CME Group,Financials,73.81950498180657,0.09042545575118219
2025-05-30,V,Visa Inc.,Financials,76.29690622253777,0.07628144290567551
2025-05-30,WRB,W. R. Berkley Corporation,Financials,70.82323314304817,0.07522323647108038
2025-05-30,MA,Mastercard,Financials,68.6915307656373,0.06883382088875854
2025-06-30,MO,Altria,Consumer Staples,71.26326037745221,0.12000002706034364
2025-06-30,VRSN,Verisign,Information Technology,71.65464390430404,0.12000002706034364
2025-06-30,LDOS,Leidos,Industrials,69.56343304249766,0.11858142351618159
2025-06-30,NFLX,Netflix,Communication Services,77.14387986798116,0.11251964051705847
2025-06-30,WRB,W. R. Berkley Corporation,Financials,70.76718325369889,0.10908956265967909
2025-06-30,CME,CME Group,Financials,71.57311402812768,0.10419874051692712
2025-06-30,V,Visa Inc.,Financials,73.47287661775958,0.08671169682339377
2025-06-30,EME,Emcor,Industrials,70.72284438248059,0.08455430721296125
2025-06-30,UBER,Uber,Industrials,74.39675663010411,0.07762574873138918
2025-06-30,META,Meta Platforms,Communication Services,69.9605788709867,0.06671882590172235
2025-07-31,NFLX,Netflix,Communication Services,73.8154230775587,0.12000018198230014
2025-07-31,FFIV,"F5, Inc.",Information Technology,71.0580380029136,0.12000018198230014
2025-07-31,V,Visa Inc.,Financials,69.90111531573376,0.10939330991134037
2025-07-31,BNY,BNY Mellon,Financials,68.10490196002362,0.10939330991134037
2025-07-31,VRSN,Verisign,Information Technology,70.01716417331609,0.10080583649132811
2025-07-31,EME,Emcor,Industrials,69.97500488754355,0.09964987962025988
2025-07-31,URI,United Rentals,Industrials,67.95686047155746,0.09212602473087322
2025-07-31,UBER,Uber,Industrials,70.61163198593214,0.09125109829070084
2025-07-31,SYF,Synchrony Financial,Financials,68.11768126115821,0.08121338017731917
2025-07-31,NEM,Newmont,Materials,69.67888992113521,0.07616679690223772
2025-08-29,NFLX,Netflix,Communication Services,71.78786503176646,0.12641935766172133
2025-08-29,SYF,Synchrony Financial,Financials,71.77665787989994,0.12641935766172133
2025-08-29,NEM,Newmont,Materials,68.60668203803456,0.12641935766172133
2025-08-29,NVDA,Nvidia,Information Technology,69.6057760139085,0.11309422597151599
2025-08-29,FFIV,"F5, Inc.",Information Technology,71.40836757836173,0.10789803890228368
2025-08-29,LDOS,Leidos,Industrials,70.23593128948399,0.09161320478870907
2025-08-29,KLAC,KLA Corporation,Information Technology,69.08994427039802,0.08936261937153298
2025-08-29,EME,Emcor,Industrials,71.28690666141831,0.07605952000396315
2025-08-29,UBER,Uber,Industrials,72.39291675906667,0.07585612077640543
2025-08-29,URI,United Rentals,Industrials,68.674244816735,0.06685819720042581
2025-09-30,MO,Altria,Consumer Staples,66.53225853512254,0.12000015000202466
2025-09-30,SPG,Simon Property Group,Real Estate,67.94729913759964,0.12000015000202466
2025-09-30,FE,FirstEnergy,Utilities,66.66082780378278,0.10485803853560739
2025-09-30,ATO,Atmos Energy,Utilities,69.05007573220689,0.10485803853560739
2025-09-30,LDOS,Leidos,Industrials,68.30185123716885,0.1024855619292687
2025-09-30,FFIV,"F5, Inc.",Information Technology,69.66740434194138,0.09584488745700719
2025-09-30,NFLX,Netflix,Communication Services,70.6392135944272,0.09279087838089739
2025-09-30,SYF,Synchrony Financial,Financials,67.4104839698233,0.09168356193002641
2025-09-30,XEL,Xcel Energy,Utilities,68.01138052595532,0.0902839229287853
2025-09-30,UBER,Uber,Industrials,66.94938563161426,0.07719481029875092
2025-10-31,BKR,Baker Hughes,Energy,68.64259212480015,0.1200002835708869
2025-10-31,SYF,Synchrony Financial,Financials,67.42651924448819,0.1200002835708869
2025-10-31,HCA,HCA Healthcare,Health Care,66.13494113553884,0.1200002835708869
2025-10-31,CINF,Cincinnati Financial,Financials,67.22987610445846,0.1200002835708869
2025-10-31,QCOM,Qualcomm,Information Technology,66.0206481662627,0.11793055636109118
2025-10-31,NEM,Newmont,Materials,67.12902391555077,0.10206830935536132
2025-10-31,SNA,Snap-on,Industrials,67.2497989248637,0.08336495425972357
2025-10-31,NSC,Norfolk Southern,Industrials,68.64045441386921,0.08310956193212263
2025-10-31,LDOS,Leidos,Industrials,67.37790051828367,0.07375242606058187
2025-10-31,UBER,Uber,Industrials,66.46024197206026,0.0597730577475719
2025-11-28,KLAC,KLA Corporation,Information Technology,69.69428421739462,0.14
2025-11-28,LDOS,Leidos,Industrials,68.94088005449709,0.14
2025-11-28,CINF,Cincinnati Financial,Financials,68.49890773948908,0.14
2025-11-28,SYF,Synchrony Financial,Financials,68.39950733568855,0.14
2025-11-28,BKR,Baker Hughes,Energy,68.82592923869427,0.14
2025-11-28,EW,Edwards Lifesciences,Health Care,69.54572881672105,0.07370991495257578
2025-11-28,RMD,ResMed|,Health Care,68.66748839765377,0.07370991495257578
2025-11-28,MRK,Merck & Co.,Health Care,72.12334577176608,0.056985876407530764
2025-11-28,BIIB,Biogen,Health Care,69.0957123266128,0.05108783137064135
2025-11-28,REGN,Regeneron Pharmaceuticals,Health Care,69.35903832387022,0.04450646231667629
2025-12-31,DVN,Devon Energy,Energy,70.63730728225406,0.14669972540621334
2025-12-31,FANG,Diamondback Energy,Energy,69.88081160279245,0.14669972540621334
2025-12-31,TRV,Travelers Companies (The),Financials,70.20670389374244,0.11779626236655787
2025-12-31,SYF,Synchrony Financial,Financials,71.41760901214693,0.11779626236655787
2025-12-31,CINF,Cincinnati Financial,Financials,72.51931064044832,0.11779626236655787
2025-12-31,EW,Edwards Lifesciences,Health Care,71.70549251359408,0.08284265274778395
2025-12-31,BIIB,Biogen,Health Care,75.48256404647692,0.07484976292790532
2025-12-31,MRK,Merck & Co.,Health Care,75.71059405820361,0.07329782396223575
2025-12-31,HCA,HCA Healthcare,Health Care,69.39275176222569,0.07196482653345304
2025-12-31,REGN,Regeneron Pharmaceuticals,Health Care,72.59767267018995,0.05025669591652165
2026-01-30,AVY,Avery Dennison,Materials,69.95157380627036,0.12635001589580094
2026-01-30,NEM,Newmont,Materials,71.49797171297733,0.12635001589580094
2026-01-30,FOX,Fox Corporation (Class B),Communication Services,68.52418886399735,0.12635001589580094
2026-01-30,MRK,Merck & Co.,Health Care,75.03322455068069,0.10619765664810414
2026-01-30,BIIB,Biogen,Health Care,71.7105494551562,0.10342490412681507
2026-01-30,REGN,Regeneron Pharmaceuticals,Health Care,71.44007510006593,0.10083786699083755
2026-01-30,FANG,Diamondback Energy,Energy,71.90118735074545,0.08198398992975628
2026-01-30,DVN,Devon Energy,Energy,74.95266692422894,0.07698845641964266
2026-01-30,COP,ConocoPhillips,Energy,68.3130936521198,0.07659102456894322
2026-01-30,BKR,Baker Hughes,Energy,69.73217131964142,0.0749260536284981
2026-02-27,CF,CF Industries,Materials,73.66105421458298,0.12000025754516583
2026-02-27,INCY,Incyte,Health Care,71.80324452840591,0.12000025754516583
2026-02-27,MNST,Monster Beverage,Consumer Staples,67.61550836893296,0.12000025754516583
2026-02-27,SNA,Snap-on,Industrials,69.49101052970067,0.12000025754516583
2026-02-27,JNJ,Johnson & Johnson,Health Care,68.86494417148458,0.12000025754516583
2026-02-27,NEM,Newmont,Materials,69.97237562315617,0.0999987122741708
2026-02-27,EOG,EOG Resources,Energy,67.41725719141766,0.08627487760678604
2026-02-27,COP,ConocoPhillips,Energy,68.52859187350673,0.07808903989901342
2026-02-27,DVN,Devon Energy,Energy,73.03511590791531,0.0773644420248126
2026-02-27,APA,APA Corporation,Energy,69.62967471289303,0.05827164046938796
2026-03-31,REGN,Regeneron Pharmaceuticals,Health Care,69.65891126513387,0.12000017591147315
2026-03-31,INCY,Incyte,Health Care,71.87936155417883,0.12000017591147315
2026-03-31,ATO,Atmos Energy,Utilities,69.7021625858579,0.12000017591147315
2026-03-31,MO,Altria,Consumer Staples,69.94437683699746,0.12000017591147315
2026-03-31,NEM,Newmont,Materials,74.84726606784587,0.11148639567373424
2026-03-31,CF,CF Industries,Materials,71.21646615292792,0.10851290068037311
2026-03-31,EOG,EOG Resources,Energy,75.75589213399411,0.08306024165042884
2026-03-31,COP,ConocoPhillips,Energy,73.4141829804945,0.0759472557165906
2026-03-31,DVN,Devon Energy,Energy,77.11670478313671,0.07333291017361356
2026-03-31,EQT,EQT Corporation,Energy,70.7571608236847,0.06765959245936701
2026-04-30,CF,CF Industries,Materials,71.81318572372335,0.17446147963548317
2026-04-30,NEM,Newmont,Materials,74.36595541417297,0.17446147963548317
2026-04-30,SPG,Simon Property Group,Real Estate,69.35038668019374,0.17446147963548317
2026-04-30,MO,Altria,Consumer Staples,69.79282683019305,0.17446147963548317
2026-04-30,EQT,EQT Corporation,Energy,75.15657882922562,0.058330328585620934
2026-04-30,DVN,Devon Energy,Energy,79.44831898857278,0.05713380159143225
2026-04-30,EOG,EOG Resources,Energy,74.97334415024316,0.05665441573263546
2026-04-30,COP,ConocoPhillips,Energy,72.46243360348991,0.05150122035070102
2026-04-30,PSX,Phillips 66,Energy,68.89559385151907,0.045883697592681065
2026-04-30,APA,APA Corporation,Energy,68.87030844652462,0.03265061760499652
2026-05-29,FFIV,"F5, Inc.",Information Technology,69.641288247917,0.12
2026-05-29,EOG,EOG Resources,Energy,69.95549883943808,0.12
2026-05-29,FRT,Federal Realty Investment Trust,Real Estate,67.57082701652688,0.12
2026-05-29,SPG,Simon Property Group,Real Estate,68.4289852502362,0.12
2026-05-29,INCY,Incyte,Health Care,67.6606783441973,0.12
2026-05-29,DVN,Devon Energy,Energy,68.66287598523095,0.10211146018377426
2026-05-29,NEM,Newmont,Materials,72.01303155586571,0.08159196438547414
2026-05-29,KLAC,KLA Corporation,Information Technology,69.25505335023966,0.0772975698236591
2026-05-29,APA,APA Corporation,Energy,70.5752698945297,0.07684062407857992
2026-05-29,CF,CF Industries,Materials,68.25746679630576,0.06215838152851258
2026-06-30,PNC,PNC Financial Services,Financials,66.39627863465627,0.12000012050111973
2026-06-30,SNA,Snap-on,Industrials,68.05958610797201,0.12000012050111973
2026-06-30,TROW,T. Rowe Price,Financials,66.29449194082446,0.12000012050111973
2026-06-30,EOG,EOG Resources,Energy,71.49911381745162,0.10772380130097241
2026-06-30,HST,Host Hotels & Resorts,Real Estate,67.13515881893261,0.1006345815045645
2026-06-30,SPG,Simon Property Group,Real Estate,71.14440996555018,0.09968270924771772
2026-06-30,FRT,Federal Realty Investment Trust,Real Estate,67.6846796709262,0.09968270924771772
2026-06-30,INCY,Incyte,Health Care,69.4856044280976,0.09067827357124658
2026-06-30,DVN,Devon Energy,Energy,65.89098440192552,0.07716540405027622
2026-06-30,CF,CF Industries,Materials,68.40191100492476,0.06443215957414564
2026-07-31,EOG,EOG Resources,Energy,73.94446267519855,0.1200001965389153
2026-07-31,SPG,Simon Property Group,Real Estate,72.37271672022491,0.1200001965389153
2026-07-31,BMY,Bristol Myers Squibb,Health Care,70.57172627833384,0.1200001965389153
2026-07-31,VLO,Valero Energy,Energy,74.51042600718102,0.11952872128683832
2026-07-31,INCY,Incyte,Health Care,73.63161738711219,0.11643636755087725
2026-07-31,CF,CF Industries,Materials,69.15587912670868,0.10403432154553845
2026-07-31,TROW,T. Rowe Price,Financials,71.38232110682969,0.08066092780907091
2026-07-31,V,Visa Inc.,Financials,73.53800677952952,0.07734027816012598
2026-07-31,PNC,PNC Financial Services,Financials,70.75741593849546,0.07734027816012598
2026-07-31,ALL,Allstate,Financials,71.78229389362659,0.06465851587067709
